"asc_a","asc_b","b_tt_pt_business","b_tt_pt_commuters","b_tt_pt_leisure","b_tt_pt_shopping","b_tt_car_business","b_tt_car_commuters","b_tt_car_leisure","b_tt_car_shopping","b_dc","b_tc_business","b_tc_commuters","b_tc_leisure","b_tc_shopping","b_ic_business","b_ic_commuters","b_ic_leisure","b_ic_shopping","b_hw_business","b_hw_commuters","b_hw_leisure","b_hw_shopping","b_bus_commuters","b_bus_leisure","b_bus_shopping","b_rail_business","b_rail_commuters","b_rail_leisure","b_rail_shopping","b_car_inertia","b_car_available","b_car_male","b_bus_disc","b_rail_disc","b_bus_ga","b_rail_ga","lam_dist_tt_pt_business","lam_dist_tt_pt_commuters","lam_dist_tt_pt_leisure","lam_dist_tt_pt_shopping","lam_dist_tt_car_business","lam_dist_tt_car_commuters","lam_dist_tt_car_leisure","lam_dist_tt_car_shopping","lam_dist_tc","lam_inc_tc_business","lam_inc_tc_commuters","mu_mc_car_bus","mu_mc_car_rail","mu_rc_bus","mu_rc_car","mu_rc_rail_by_car","mu_rc_rail","logLike"
0,0,-0.1086,-0.1353,-0.0571,-0.1066,-0.11,-0.1491,-0.0764,-0.1462,-0.0572,-0.1314,-0.292,-0.157,-0.3607,-1.0318,-1.4274,-1.1492,-1.2692,-0.0326,-0.0544,-0.035,-0.051,2.9428,-1.098,2.4257,1.4948,1.3332,0.2886,1.2117,1.9076,0.588,-0.3295,1.1958,1.6995,3.6511,1.7218,-0.3135,-0.2368,-0.2837,-0.2009,-0.3573,-0.1321,-0.3744,-0.1905,-0.5949,-0.8922,-0.1697,0.4082,0.5051,0.9878,1.2254,0.7688,1,-7962.42106696029
0,0,-0.1086,-0.1353,-0.0571,-0.1066,-0.11,-0.1491,-0.0764,-0.1462,-0.0572,-0.1314,-0.292,-0.157,-0.3607,-1.0318,-1.4274,-1.1492,-1.2692,-0.0326,-0.0544,-0.035,-0.051,2.9428,-1.098,2.4257,1.4948,1.3332,0.2886,1.2117,1.9076,0.588,-0.3295,1.1958,1.6995,3.6511,1.7218,-0.3135,-0.2368,-0.2837,-0.2009,-0.3573,-0.1321,-0.3744,-0.1905,-0.5949,-0.8922,-0.1697,0.4082,0.5051,0.9878,1.2254,0.7688,1,-7962.42106696029
0,-5.6747579947114e-06,-0.106068628173228,-0.136655753759854,-0.0515159770430997,-0.109429027343541,-0.11186715784017,-0.149308926727064,-0.0804199985937215,-0.146297176870331,-0.0578716747232713,-0.132430864892527,-0.289062591761351,-0.158907686695922,-0.356984075251315,-1.03173736418895,-1.4273329565512,-1.14900824517785,-1.26926304722745,-0.0313171720294282,-0.055503004894685,-0.0331471601198427,-0.0517745128567331,2.94280978636788,-1.09798349806061,2.4256962453451,1.49483271305701,1.33318882954242,0.288671631704923,1.21168913875548,1.90754035566226,0.587914675960317,-0.329561260950752,1.19581824469306,1.69957012292044,3.65110190221705,1.72179384817667,-0.313732023007702,-0.237271981409937,-0.283720799960475,-0.201587648213934,-0.357091102732997,-0.132170005301386,-0.374368803043012,-0.190520315251313,-0.590062334688939,-0.892221321959794,-0.169382635315694,0.407992050062679,0.504642308056261,0.987303161837347,1.22523407829423,0.76843569710264,1,-7935.03187802719
0,-0.000729119352524208,-0.0872360841103625,-0.146152981447962,-0.0604385301238243,-0.133784370143306,-0.12570181547109,-0.1526175323518,-0.0813980383617486,-0.148224516038347,-0.0594895265406094,-0.14154534360193,-0.262651116095969,-0.168529728410705,-0.322629493681213,-1.03117853534847,-1.42662519682672,-1.14763952013631,-1.26978790459671,-0.0212833023661218,-0.0643814694802297,-0.0386560556495869,-0.0579069729586935,2.94291350424416,-1.09785981138749,2.42566627730521,1.49508010332237,1.33312514011216,0.288673877674634,1.21162225821083,1.90740897246262,0.587640619990476,-0.329733704301115,1.19597804318996,1.69976329610487,3.65111505173558,1.72169707292278,-0.315327102948492,-0.2411596636874,-0.282209489504981,-0.207850246341062,-0.355543723001656,-0.132966814721773,-0.375466486647605,-0.190806083257287,-0.546919521552522,-0.892433067270414,-0.166541325224653,0.406046918148368,0.500720679286374,0.982798358185816,1.2236867633688,0.765022568976537,1,-7873.16971794949
0,-0.00102171918574501,-0.097796757361695,-0.135528646620395,-0.0623080344202623,-0.138661057599796,-0.11882639006612,-0.162069158253677,-0.0843321552601274,-0.155339400528672,-0.0589496953029853,-0.146126023554774,-0.249289508333071,-0.17701965318841,-0.300388479182211,-1.03089411309905,-1.42570262168164,-1.14644318023826,-1.26982155489108,-0.0234485178785406,-0.0632111042304518,-0.0412035160382503,-0.0561680544702046,2.94305837667074,-1.09774289879931,2.42568298483434,1.49498183919296,1.33329379377993,0.288721979345436,1.21176693459427,1.90719537992872,0.5872735524322,-0.329956005701367,1.1961685135191,1.69999033056056,3.6511305428363,1.72167538860733,-0.314227288666893,-0.24046925108204,-0.280306337401783,-0.210281808543048,-0.356470708227759,-0.134407668528313,-0.376612156753321,-0.191732581221968,-0.524342892005711,-0.892654811633609,-0.165139774060347,0.404922780175737,0.495859059235162,0.979872180317779,1.22265753270788,0.762762492114547,1,-7820.58293024765
0,-0.00126316713691738,-0.099117210431446,-0.134775178970086,-0.0635052230793797,-0.128793499776806,-0.118447112072293,-0.159338824872964,-0.0859582989228117,-0.162913172269081,-0.0584173704688476,-0.15011323264895,-0.243429044600486,-0.182245498574419,-0.290705642228103,-1.03058796127348,-1.42485782447723,-1.14548274320506,-1.26950360027229,-0.0225362018348993,-0.0687889769789484,-0.0424841162541968,-0.0515721257166506,2.94316824894289,-1.09763705436616,2.42573771498745,1.49498266488625,1.33320713403795,0.2887571596528,1.21197256352058,1.90704211184694,0.58698788389577,-0.330107351732578,1.1963519113321,1.70014287750214,3.65114688582995,1.72166449309595,-0.313625123105843,-0.238309002094668,-0.277750046931771,-0.208306202762922,-0.356502460571874,-0.135689503016004,-0.377948895820277,-0.193039098991878,-0.519090187196406,-0.892832677450953,-0.164829488869275,0.40447935493838,0.493239693635663,0.978094901960146,1.22220872516647,0.76149818901847,1,-7804.26003673627
0,-0.00159088559240196,-0.0975568191387469,-0.128895333658317,-0.0643990353795387,-0.12483387696504,-0.120375668247792,-0.157907486391594,-0.0871886589566011,-0.162687113897854,-0.0580048137072463,-0.153972106308392,-0.242296126606109,-0.185559370493912,-0.284358077825104,-1.03025159188638,-1.42379530732404,-1.14457299875255,-1.26921342424595,-0.0206645099615179,-0.0699575890562164,-0.0431081196778743,-0.0541484407200073,2.94329169740367,-1.09753113307556,2.42577258856754,1.49501589871834,1.33320765386893,0.28879274534927,1.21195860082568,1.90703200347639,0.586788831334566,-0.330238930758599,1.19652724229672,1.70025029197201,3.65116177456014,1.72164944929649,-0.313136033652959,-0.234676661916347,-0.274859723419335,-0.206494365264113,-0.356212971131648,-0.137254041346913,-0.379380990151971,-0.19353547234068,-0.520217264426821,-0.893008355053906,-0.165022135321628,0.404078649303837,0.492289595395203,0.97663388742243,1.22200292925888,0.760548115929925,1,-7797.56496067908
0,-0.002548202387113,-0.101081529038109,-0.125958706435582,-0.0656081653033564,-0.120905960423831,-0.119875509781342,-0.151184112006781,-0.0892098898716256,-0.158115599498108,-0.0563793667794499,-0.160859879780048,-0.239229322047931,-0.190811183845783,-0.27252512719882,-1.02960128294079,-1.42149532018722,-1.14275465037772,-1.26860606448197,-0.0196861780540331,-0.0741561167620489,-0.0441843170234372,-0.0620986147114713,2.94351976243023,-1.09731957307231,2.42583192823355,1.49500550961666,1.33313163442215,0.288865869831577,1.21183294008486,1.90720506527818,0.586608513176578,-0.330321597719233,1.19686490779169,1.70032445648011,3.65119033276484,1.7215917488991,-0.311475676541959,-0.228528142403395,-0.269151232221452,-0.203188316675481,-0.356137280451147,-0.140136712000006,-0.382171211809216,-0.194150439929921,-0.523866666939978,-0.893386340850453,-0.165420569218137,0.403205981554638,0.490972229344568,0.973787063541392,1.22168495035985,0.758678711939501,1,-7787.79094172363
0,-0.0042597688266185,-0.105825812718928,-0.133111950365544,-0.0647692496058899,-0.109324947422302,-0.123288433059158,-0.150360994114955,-0.0890440618965957,-0.145219909721669,-0.0617095482625599,-0.176525923648455,-0.228328179850803,-0.190703939690833,-0.25010267144497,-1.02785792507033,-1.41406737904021,-1.13865289093129,-1.26623954906744,-0.0176285714936766,-0.059881990330873,-0.046382904153243,-0.0651208651703148,2.94400179776369,-1.09687787561577,2.4259902609149,1.49500917702211,1.33350598462552,0.289047406864255,1.21180195151929,1.90724987107503,0.585702555087835,-0.331052526121143,1.19764085533998,1.7008797741946,3.65124549352948,1.72167395972066,-0.307174949266805,-0.22207338689417,-0.259578658113334,-0.194939010876048,-0.35523297288567,-0.145490423044024,-0.386502757888422,-0.196106159198769,-0.533985707570002,-0.894377021333283,-0.165874923490812,0.400182929402214,0.487139137636032,0.967192455495075,1.22168354123118,0.75419252644439,1,-7777.20997448833
0,-0.00577885946304774,-0.109042402671757,-0.132489796269124,-0.0649714405080339,-0.107975014222564,-0.127552837553251,-0.151822740586204,-0.0881352108645722,-0.133837151047663,-0.0598341021421725,-0.187391646647962,-0.22551735207628,-0.184116191407547,-0.234124856147151,-1.02636024108861,-1.40737018266167,-1.13531364793045,-1.26344178460843,-0.0185571037160304,-0.0623031462776001,-0.041382977889806,-0.0556221048247228,2.9443425902368,-1.096599226682,2.42611781711935,1.49498091001115,1.33364921845024,0.289321588161175,1.21194815941853,1.90742548468744,0.585038551518278,-0.331670734357748,1.19821385878296,1.70141821703706,3.65127369135439,1.72186234851726,-0.302915453548669,-0.222254724668052,-0.258071859506251,-0.191099216305221,-0.354305569776633,-0.146222164074436,-0.386589751265612,-0.197382950293142,-0.542047583544529,-0.89526019685698,-0.166774302293786,0.396659080725599,0.488854014632913,0.961837755333146,1.22194561256985,0.750904309563414,1,-7771.71691564953
0,-0.00655879609088198,-0.110250126505785,-0.13188255326901,-0.062240245622844,-0.107112626723592,-0.129473653789654,-0.152644493579061,-0.0851409249079743,-0.129254162763173,-0.0590450753265007,-0.191957681301994,-0.22455825519523,-0.18281716255013,-0.227688374132836,-1.02567395401201,-1.40417744026178,-1.13388610075601,-1.26204434871521,-0.019339389316,-0.0639099437791484,-0.043252415753739,-0.052238396913494,2.94449248858865,-1.09648292843853,2.42617888181986,1.49496102358782,1.3337194386175,0.289385414911368,1.21199942310768,1.90759277726727,0.584813622362954,-0.331902022932752,1.19847256512659,1.70162089091248,3.65128462123308,1.72195342589358,-0.300843631157212,-0.223311055701179,-0.258673908748692,-0.189762769112249,-0.35392448429039,-0.146157277792929,-0.385928442851809,-0.19771060750996,-0.545364257976867,-0.895669257264789,-0.167162568051581,0.394938757107171,0.491205628239164,0.959372551669197,1.22213029814018,0.749558691313656,1,-7769.59305725474
0,-0.00811968567152785,-0.112178122854908,-0.131017861328145,-0.0631299635786529,-0.10176804728608,-0.132670024931795,-0.154758021231783,-0.0884280751216482,-0.123597425961157,-0.0607851356407661,-0.199854872831375,-0.222434277031568,-0.180893643880244,-0.21822759775837,-1.02416497149706,-1.39637860431029,-1.13027425633991,-1.25838039419639,-0.0228216901859153,-0.0657379045546462,-0.0459339986023168,-0.0523110166783788,2.94480526314714,-1.0962277620991,2.42633367972153,1.49487271730783,1.33396932548589,0.289669229949399,1.21200406917146,1.90809937458112,0.584282881899876,-0.332425873781623,1.19907682223855,1.70215687766427,3.6513065174572,1.72220972455685,-0.29558125420508,-0.230238307465576,-0.264227511237754,-0.18878364861233,-0.353487561541136,-0.144634757902,-0.382243470514431,-0.197042350792126,-0.550040754512878,-0.896589955339996,-0.16770342554824,0.390625550515645,0.502511799804107,0.95383427445038,1.22290232923712,0.74726011254387,1,-7766.41513818389
0,-0.00971672755839397,-0.113319682185383,-0.129931472832806,-0.0634304529856679,-0.0948319882998425,-0.13629468559953,-0.15351579827054,-0.0834108727133988,-0.120104498292592,-0.0585824301859728,-0.208564070720029,-0.218847097091826,-0.184085278047927,-0.207010308666804,-1.02202955535247,-1.38456010209346,-1.12497205655193,-1.25254959121278,-0.0275498630761967,-0.0630292530466053,-0.0381861972311504,-0.0548241071698544,2.94529679141368,-1.09583833481209,2.42657178445286,1.49471819740569,1.33445322055451,0.290262928272301,1.21199948538054,1.90859121334156,0.583231663499146,-0.333349262032986,1.20001591156778,1.7030294252749,3.65134191499791,1.72259410451936,-0.287488054007709,-0.240483677352444,-0.272833536578895,-0.189940370270878,-0.353429731522648,-0.143251562522349,-0.377961101679055,-0.195141401062875,-0.555160509782955,-0.897893432616387,-0.168209001766072,0.384026038957208,0.517241854099469,0.945810255624989,1.2239231214679,0.744791315016331,1,-7764.19436720928
0,-0.00996328233882704,-0.112890600540892,-0.127568372900865,-0.0628475397651189,-0.0943538226941734,-0.137008468184545,-0.147528244869526,-0.0833490631875779,-0.121504148920257,-0.0566561937753885,-0.21039750135596,-0.216185425808288,-0.181024277668316,-0.202754403403611,-1.02089700974133,-1.37764024192382,-1.1221226150872,-1.24879652934002,-0.0288920036856668,-0.0596691434096988,-0.0383413405641602,-0.0546889011504083,2.94564253938461,-1.09554291602715,2.42671838367202,1.49460838191975,1.33478184345571,0.290651120440226,1.21204424441537,1.90845856254475,0.58233418294402,-0.334017846643121,1.20064808072597,1.7034329985937,3.65137723125273,1.72272296719753,-0.282661547402851,-0.24400519917374,-0.276794343653841,-0.193075052855724,-0.354030580572201,-0.144079446348075,-0.377397333287165,-0.193537558732619,-0.557742110500154,-0.898561018626887,-0.168333384133511,0.380510320361332,0.520792512054843,0.941406857157801,1.22452373028277,0.744262561193255,1,-7762.69829950195
0,-0.00979937890851223,-0.112507337302429,-0.123955613412045,-0.0625188592692497,-0.094654658358988,-0.136933732456354,-0.143511447873912,-0.0821832937870835,-0.121927870721166,-0.0601821418920604,-0.210466557299232,-0.208848438152822,-0.179825981290803,-0.201479575529415,-1.01941034939431,-1.36808551683333,-1.11830811185167,-1.243466838895,-0.0290930184925499,-0.0598241603591263,-0.0375499237380373,-0.0540623362591559,2.94617071183875,-1.09506479123943,2.42694278193952,1.49443937939408,1.33523599704358,0.291270065577917,1.2120971563661,1.90796478726702,0.580868007597564,-0.335051608441131,1.20160212768379,1.70389668034747,3.65144397629538,1.722847927927,-0.276310611363836,-0.247935775039499,-0.279399857982602,-0.197787554822039,-0.355153106763316,-0.145780699015245,-0.379150732388774,-0.191317781773754,-0.562436479710989,-0.899385907280581,-0.168219669637844,0.376332549806763,0.523233788860096,0.935752755436748,1.22573763623697,0.744531175923877,1,-7761.17782633696
0,-0.00917728842784377,-0.11111941206162,-0.121917910881624,-0.0627493418218227,-0.094262368924122,-0.136691199476082,-0.143277102816109,-0.0835250810349376,-0.121219538592698,-0.0558952325660444,-0.209285506020048,-0.199687069751149,-0.180955654861015,-0.201796395550614,-1.01743135701291,-1.35462472910552,-1.11328637027307,-1.23608345677975,-0.0282005701678221,-0.0598915067085742,-0.0384864683669736,-0.0530124926855953,2.94694247828476,-1.09433869081636,2.42729775148591,1.49418233573934,1.33594145743544,0.292199721463644,1.21217119681949,1.90702854380508,0.578599737746191,-0.336624446401792,1.20301155330556,1.70448103499754,3.65155689148017,1.72300648863717,-0.268370824690338,-0.252962131963435,-0.28089257193875,-0.203920570397706,-0.356560932134038,-0.148497880453393,-0.383577551426239,-0.188716945075378,-0.568516221445762,-0.900455121843927,-0.167989525102922,0.371448107676523,0.525549158093017,0.928343242264388,1.22730608978636,0.745958783944262,1,-7759.7668800276
0,-0.00715189465050226,-0.106846911888437,-0.124912791770839,-0.0636738829740775,-0.0923775008524617,-0.132457842452733,-0.145611123723205,-0.0850963708732396,-0.119924290123487,-0.0574420051340478,-0.202892465156529,-0.208057425719967,-0.185439580558991,-0.194548278684998,-1.01248525169972,-1.31805666706896,-1.10223954536812,-1.21677280133108,-0.0258330812485159,-0.0614880234625408,-0.0400495083292867,-0.0508304291285932,2.94921074167054,-1.09233336766894,2.42851911645959,1.49326414478132,1.33795833598621,0.295119366269233,1.21244028762785,1.90356129864156,0.571676615563603,-0.341232460933727,1.20710349235157,1.70559228260732,3.65192450953606,1.72332268587569,-0.253260379060492,-0.259322118892053,-0.284037381070645,-0.219573139430769,-0.358437379324675,-0.158197265144271,-0.399345758016258,-0.185310263378138,-0.572568134697172,-0.902998853551721,-0.168646035214937,0.362031034001662,0.526875260905864,0.910179949909142,1.23225797540993,0.754632224792609,1,-7757.63092725893
0,-0.00691992658614581,-0.105896557873492,-0.12489188941571,-0.0629215364977199,-0.0887108493084905,-0.131707489516672,-0.14689490213809,-0.0841934760937049,-0.117552343996748,-0.0569548379914331,-0.200889902417299,-0.20935871102036,-0.182777880583721,-0.194030400059713,-1.0107299173009,-1.30570064593394,-1.09913079837357,-1.21006315545907,-0.0259147525730783,-0.0633743824873327,-0.0397738855217497,-0.0529828150045476,2.95005411970253,-1.09167570384394,2.42903940434295,1.49288651909943,1.33867113535304,0.296222591899859,1.21246059303811,1.90220806515039,0.569180600750428,-0.342864745256919,1.20860306562818,1.70585109651178,3.65205998759353,1.72336544358312,-0.249436113455765,-0.260683075011208,-0.286803376350003,-0.223036452023751,-0.358090672844603,-0.162092000061383,-0.403832307328816,-0.185101410255622,-0.570425669229244,-0.903887270262972,-0.168601321329668,0.359190377175192,0.525087313137467,0.904297435336233,1.23396773414868,0.758236060427199,1,-7756.72361388282
0,-0.00890898268838455,-0.107177664074238,-0.123193507425552,-0.0645793209429441,-0.0868195767018797,-0.134561692924716,-0.142328612822869,-0.0857577304562555,-0.108994934898011,-0.0571775544910247,-0.199403871984066,-0.209649801526814,-0.187770254339641,-0.19891853307337,-1.00640176105676,-1.28047596354206,-1.09496176666017,-1.19435368923266,-0.0298446267101016,-0.0625936875446299,-0.0407635990516661,-0.0490336692264232,2.95218854512051,-1.0903459685494,2.43074898157428,1.49174549555342,1.34033952153344,0.299090392589617,1.21243492964325,1.89898574170008,0.563211511518527,-0.346683336068556,1.21243257607363,1.70614209936685,3.65242383674639,1.72341370249658,-0.248164237771318,-0.258495152808365,-0.295612194859796,-0.223161137830998,-0.351594032571766,-0.1732667037703,-0.40737823758893,-0.190876911107941,-0.563765564437682,-0.905992180688339,-0.168002823106714,0.35645031924254,0.5241672599831,0.895190337066871,1.23863125258747,0.769316789601456,1,-7756.17006844944
0,-0.012415933334311,-0.107797196782576,-0.123320731960964,-0.0644876505508556,-0.0905105076245174,-0.134377836214278,-0.143207342287981,-0.0854953994193647,-0.113961532891365,-0.0568912225792861,-0.202840775145055,-0.208639538732194,-0.187033825735259,-0.200180914273643,-1.00230461485464,-1.26082993810002,-1.09400975800379,-1.1802178800006,-0.0317336060031133,-0.0637196210263415,-0.040628659040558,-0.0510155855711493,2.95412917748433,-1.08921863424897,2.43268872027149,1.49052529128166,1.34179853594969,0.301907910999271,1.2122006652523,1.89605960755515,0.557871380001311,-0.350012187350673,1.21617052350194,1.70592200160248,3.65280622613403,1.72335881593362,-0.251931462437381,-0.259171721616828,-0.298141217551761,-0.219592838987637,-0.343008355019929,-0.180344566253321,-0.408537222955678,-0.199509304191012,-0.564977498831374,-0.907970208603686,-0.167679612995789,0.357605599912728,0.524858682245984,0.891647128979773,1.2435340053159,0.780651061962656,1,-7755.19298557634
0,-0.0142040053345189,-0.1101687348235,-0.120426756720589,-0.0643403178460974,-0.0912726285068349,-0.130420238460875,-0.13945777896513,-0.0852870819395431,-0.113357275504579,-0.0566213228697471,-0.204523724442166,-0.208549363149166,-0.186595421626998,-0.200495189841318,-0.997167747163515,-1.24291020696192,-1.09412351837097,-1.16489572760563,-0.0229770906534148,-0.0631761053546814,-0.0407030097849109,-0.0517193683741331,2.95623666733653,-1.08789943833195,2.4350628210297,1.48908597333875,1.3434094619394,0.305450983700173,1.21180997902885,1.89251843701232,0.551787290771972,-0.353617967619246,1.22062626276713,1.70536473795353,3.65329225328461,1.72330069466732,-0.256751619651773,-0.26953952939762,-0.295922469486533,-0.215637174021043,-0.333559889560534,-0.181504666046388,-0.408381424786968,-0.209386546468666,-0.563543586560827,-0.910204920745518,-0.167126923741013,0.359861125201405,0.525505512921979,0.891653937595532,1.2498226808023,0.792710079035201,1,-7754.5557808798
0,-0.0130833700036351,-0.105828200906087,-0.118673221331129,-0.0641612741705013,-0.08968954647369,-0.124585291264854,-0.137257002185383,-0.0851212119867621,-0.11043023731807,-0.0564219950453303,-0.201555440242079,-0.206641539282151,-0.186219129740977,-0.197389060181328,-0.993542819621545,-1.23424149164666,-1.0944830308183,-1.15518908146253,-0.0255283620369427,-0.0628455653074989,-0.0407700016908157,-0.0515100757058897,2.95787115660665,-1.0869399622928,2.43677136644175,1.48788070224635,1.34439851283873,0.308229908330623,1.21141682696249,1.88995016190731,0.547636357366756,-0.355829407830235,1.22397461043746,1.70445821339545,3.65366793807497,1.7231852582205,-0.260842748411235,-0.273598626825689,-0.29192413667613,-0.216571158639938,-0.326280998977128,-0.181046080228294,-0.405909657497027,-0.214126955146005,-0.563667210040451,-0.911779178266945,-0.167037345401839,0.361529699654043,0.526753520093896,0.895452030874061,1.25539275628152,0.799063685639551,1,-7754.20498858068
0,-0.00956198606855252,-0.105463264457016,-0.116747083727476,-0.0635063222480484,-0.0855990841534976,-0.122476462662859,-0.134807440975461,-0.0842647263227641,-0.106701775334004,-0.0556115647427595,-0.188045219353397,-0.20215494812934,-0.183959265699601,-0.188449827458919,-0.985089827912189,-1.21906175608159,-1.0948683224383,-1.13582563907315,-0.0247520942441211,-0.0625404668624025,-0.0403980027661608,-0.0521200888327657,2.96151929802531,-1.08489328042715,2.44036321895319,1.48543725252235,1.34631877767697,0.31427123570979,1.21046042048914,1.88445168888804,0.538857425673497,-0.360355292112819,1.23120893041916,1.70220252965774,3.65447812137635,1.72291525528681,-0.267654062112671,-0.274989288468352,-0.284762859357127,-0.222652799341907,-0.309335084601047,-0.180927720324307,-0.398468753508374,-0.22152682134969,-0.564842687354564,-0.915184761115297,-0.167248825793337,0.364615545229023,0.533319518375268,0.906109603524795,1.26832372356836,0.810181082561522,1,-7753.59258155887
0,-0.00757293633663811,-0.102963654444257,-0.116278144121306,-0.0627434607823402,-0.0818450392405712,-0.112746193121786,-0.133798050067921,-0.0830612985604181,-0.102859544259301,-0.0545833440885047,-0.184243118326704,-0.197923514852881,-0.180816612054398,-0.183995287525044,-0.976130993840088,-1.20735395291254,-1.09344595240963,-1.1181538398695,-0.0177933690662852,-0.0623247913265364,-0.0395491066992191,-0.051230741206491,2.9652975490758,-1.08277799905035,2.44385163207323,1.48314318614461,1.34801760023458,0.320326058121773,1.20934187574514,1.87894968217365,0.530274389348303,-0.364553005940896,1.23851298352579,1.69956634226267,3.65529290576089,1.7226322500076,-0.27111518186054,-0.268567487117552,-0.281469597496309,-0.231237845974582,-0.294308742291733,-0.181900587538184,-0.390858570701498,-0.226037942950806,-0.56365499339066,-0.919051309519846,-0.167736756438408,0.366982776977535,0.543456458164868,0.918186187074013,1.28164517715492,0.81805823068377,1,-7752.99677118853
0,-0.0157097877510324,-0.104160921140448,-0.11354230559753,-0.0599648000665848,-0.0729876139777967,-0.10553511148731,-0.128103364453556,-0.0802882790649905,-0.0964973919627919,-0.0525911491652549,-0.192195390290641,-0.193708289446623,-0.174236972027076,-0.184359665757711,-0.942922062379341,-1.18615016590406,-1.0733676373894,-1.06831992738114,-0.0176448515032261,-0.060564271357032,-0.0393417280829928,-0.0501381136463066,2.97742151705456,-1.07436199307027,2.4551122985385,1.47619239344028,1.35298710430687,0.340606705333927,1.20447159070448,1.85808265791413,0.501871455482153,-0.376625504723298,1.26349015577224,1.68749998906561,3.65817654549334,1.72086634947896,-0.266315359215267,-0.259906247764174,-0.261410198890882,-0.261492217678238,-0.237167572493945,-0.166675530967802,-0.394303593812216,-0.230355775535104,-0.552616240440985,-0.934709729727199,-0.169711745892298,0.375594105943612,0.561074724895134,0.960868606533306,1.33070562785237,0.828225936450134,1,-7752.19174717714
0,-0.0238138986503408,-0.0970490002156872,-0.113134437378218,-0.0603807571844825,-0.0673525695663341,-0.0847009165651284,-0.125313645929364,-0.0794591453362863,-0.0897989802385203,-0.0494713895441401,-0.187278915985245,-0.188374381827617,-0.176149131309806,-0.173500768241409,-0.885273286516809,-1.16242681427194,-1.02803968842158,-0.994313395394399,-0.00946918674385779,-0.0598827300002982,-0.0409410250504266,-0.0536862737255416,2.99807741614603,-1.05974881113019,2.47466708129917,1.46560041499017,1.36108757793083,0.37468974489917,1.19434220835957,1.81878418570642,0.453721901503134,-0.395453576227207,1.30669152708551,1.66196800224282,3.66308340808213,1.71603515077168,-0.230511515713368,-0.246562028482045,-0.26917094084199,-0.275859046899052,-0.143413195658414,-0.131839028290399,-0.385828338596782,-0.242358912248589,-0.550001199876204,-0.962596206821,-0.174340481854363,0.388165992595735,0.554857756097858,1.03039218352619,1.41788135868503,0.835647122375041,1,-7750.91128976847
0,-0.0193313415355702,-0.0960167902864602,-0.112734614355853,-0.0599522287136973,-0.067736653316221,-0.0823162891813902,-0.12461472472375,-0.0789589456212177,-0.0898413193778903,-0.0491726747050094,-0.185807120451197,-0.187729249776567,-0.174967924143978,-0.173115425753071,-0.879415374463268,-1.16118734580659,-1.02509814166422,-0.989444378816614,-0.00931416439652848,-0.0595758706147038,-0.0408909937225437,-0.0536280750456876,3.00057031724166,-1.05780761985032,2.47686483908432,1.46465533313362,1.36195099730686,0.378131824260408,1.1927277182334,1.8150418323255,0.449137866241095,-0.396825030855541,1.31181445249043,1.65846645738311,3.66365635239484,1.71541972853145,-0.224338989710884,-0.244863532544284,-0.2679210313127,-0.272107199715281,-0.133437042268622,-0.12974233792794,-0.388136127294424,-0.243097619523873,-0.548000418370071,-0.965623074130616,-0.173765887861527,0.388719487041066,0.558619631168257,1.03468456505311,1.42637235243725,0.836938062576591,1,-7750.600653808
0,-0.0253893822376561,-0.0943386960435975,-0.112331436456823,-0.0597225135160772,-0.0676257794321398,-0.0793764749299616,-0.124247051632917,-0.0788190332400334,-0.089787663179395,-0.0486953501939826,-0.1841530358608,-0.187663784352044,-0.174332860586084,-0.171993011529964,-0.870292904345105,-1.15990959322378,-1.03106033825756,-0.991055999805251,-0.0088369647527576,-0.059413143423131,-0.0406584630186919,-0.0525666971559778,3.00692411834962,-1.05298266525822,2.48147013919521,1.46276878761134,1.3639273716214,0.384381195752823,1.18747259393729,1.80832326635883,0.442887303093807,-0.39577647055637,1.32371700753675,1.64746354877229,3.66495057600849,1.71314996817345,-0.212199286745754,-0.244291824845615,-0.262014458700673,-0.267302713355766,-0.119687497323192,-0.130338483742876,-0.383170533045781,-0.232898429575666,-0.545844678349655,-0.97166815448413,-0.171402394799372,0.3849787677464,0.560608944357352,1.03565321060607,1.43983288130075,0.848107934266058,1,-7750.24467668404
0,-0.0121869077185101,-0.0960715690942037,-0.112430481551472,-0.0602763153275767,-0.0676611750945489,-0.0803416742161905,-0.124299883087732,-0.0790900270644494,-0.0904034984914719,-0.0483087678220252,-0.192351604723229,-0.188624078627779,-0.175756248435864,-0.17229803337106,-0.860774666242615,-1.15551603577502,-1.03761188417528,-0.995224848856772,-0.00924922650482007,-0.0602880077666473,-0.0410234230904485,-0.052237721599065,3.01659011725195,-1.0456212855794,2.48850160673144,1.45953338762231,1.36702521647551,0.393095560362892,1.17921466406337,1.79980923351713,0.436190548513801,-0.391942848613599,1.34163968879413,1.6306797660169,3.66697026637583,1.70930021788942,-0.208001027282856,-0.246583886391654,-0.259344129497925,-0.267921403531062,-0.109664476711308,-0.132197772934045,-0.373276326571707,-0.2167752215014,-0.546091359909779,-0.979326731078612,-0.171202986502517,0.384756502740544,0.555396465874332,1.03591183783313,1.45389227730898,0.858000154117423,1,-7750.16137863057
0,-0.0132825900049256,-0.096461260408533,-0.109087402613659,-0.059953456064649,-0.0672432630532233,-0.0755679373943341,-0.121422312624903,-0.0781638645781444,-0.0903816820446615,-0.0467534368736392,-0.18823687191405,-0.184756471720238,-0.17436672142831,-0.166678985794696,-0.836097532909286,-1.13322813761023,-1.03617529967285,-1.01727767256825,-0.00528845701276003,-0.0598995327611554,-0.0397605363406224,-0.046608646894073,3.06419512516104,-1.00698231786537,2.52492266937244,1.44269941425035,1.38143068378997,0.43188743228109,1.1370479495351,1.77165446204331,0.416771927033287,-0.3651413031268,1.43167920936263,1.55076055309358,3.67758063174797,1.6898395239965,-0.237010527270313,-0.256635562612298,-0.265050104553262,-0.253720455173592,-0.106678222482993,-0.144970228509218,-0.37389761981945,-0.165483958128511,-0.547488642389072,-1.00472004715211,-0.181961613071049,0.420016086597408,0.561654495245227,1.02613436446266,1.48880911979473,0.842583479601831,1,-7749.14565188509
0,-0.0159750338326978,-0.0977429378090683,-0.107732195280777,-0.0582996606024954,-0.0702659846913635,-0.0903149765756115,-0.120100505399612,-0.0753930340483595,-0.0933064012995657,-0.0456145578461114,-0.187688589131965,-0.186547875641477,-0.169953891803578,-0.169182992691154,-0.812932696291721,-1.12877705212458,-1.02246186729619,-1.0104588821959,-0.012851306405754,-0.0589995734034624,-0.0389347681697487,-0.0441673658334676,3.15092583814887,-0.934003955627957,2.59518995519181,1.41089001709841,1.40869171943103,0.50783124242028,1.06874027171,1.72031506249097,0.379614180499788,-0.32535477940057,1.59757615122979,1.43536664023344,3.69669543400942,1.65263644045553,-0.24522364215477,-0.254876712063871,-0.242508057683892,-0.23326315307046,-0.193822774327204,-0.144446219741779,-0.347670517102479,-0.161646345896896,-0.539843336424014,-1.04208964738059,-0.181773813668575,0.425081343101214,0.573720173520623,1.02312273366289,1.5156278485385,0.838649177730508,1,-7747.23012277329
0,-0.016321168110931,-0.0988265465403924,-0.107078073691352,-0.0583917364617665,-0.0687422710711093,-0.0938176003479349,-0.119105694524282,-0.0755633788078926,-0.0916690592210333,-0.0456090110400928,-0.189568999069619,-0.182593387847101,-0.16953781979901,-0.163319145841677,-0.812135622441077,-1.13746133133601,-1.02958227513435,-1.00953887481373,-0.0140465706759817,-0.0578139870981426,-0.0388027594691899,-0.0431642699735469,3.18034024705114,-0.906941277717726,2.61888458236134,1.39924743946652,1.41935650041993,0.5342518819015,1.04718102279119,1.70138563402385,0.370554273199353,-0.311358433583868,1.65402757451143,1.40436993004721,3.7035970193492,1.63681244793658,-0.254164561509107,-0.253121795535469,-0.253277145868638,-0.234071792336448,-0.213824275834238,-0.136075889381646,-0.360909517610891,-0.164226775890438,-0.544002890109746,-1.05095502281864,-0.182597499665464,0.415588320488458,0.578448857214154,1.0246832031011,1.51764959173177,0.851936635379109,1,-7746.29460261573
0,-0.0157950841737759,-0.102206533098432,-0.108626333023542,-0.0587573839799838,-0.0694953411348243,-0.0871479486875991,-0.120385430232391,-0.0759758389630209,-0.0952382166771898,-0.0460514970933875,-0.18692791349563,-0.184122911387352,-0.171153404025706,-0.166826512364677,-0.838507211128871,-1.16206605896554,-1.02172322315798,-1.01774234878107,-0.00784591362358213,-0.0574998242923255,-0.0409144826811943,-0.0435745672792047,3.27911100848067,-0.813592531753246,2.69595946941202,1.35643253123659,1.46637456852199,0.626390543189648,0.983317545527943,1.63240960770893,0.368011867964567,-0.265425963263622,1.8354805334388,1.35493374864953,3.72879069359783,1.56632150506997,-0.303815782285816,-0.25002004194296,-0.256759814701566,-0.244207630559413,-0.190929580787574,-0.117836529188682,-0.361977206813825,-0.188532250005747,-0.555711765646663,-1.05560543551794,-0.173055264752534,0.315917224928004,0.579753336969107,0.983604014937808,1.48842458778612,0.828632512286706,1,-7745.3443000261
0,-0.016725728966659,-0.101805221227564,-0.108275773818814,-0.0596401671714005,-0.0638435632502417,-0.0854029946939362,-0.121238441309197,-0.0762340988347128,-0.0918397447292146,-0.0482930332998431,-0.19303037804141,-0.185606304965786,-0.172953728245797,-0.167887682414982,-0.88564121752594,-1.17850605913755,-1.05574151922443,-1.04247928493229,-0.0065043166284249,-0.0600266223368811,-0.0415727534967854,-0.0453862756581802,3.39004674366114,-0.710102737984893,2.78324127103971,1.30878661124397,1.53213476849933,0.725475978583894,0.92050960216221,1.56200207426955,0.397558127008314,-0.224902623716551,2.03242626684704,1.36037221875626,3.76164152064313,1.47344295658177,-0.266587569862764,-0.265194029109898,-0.262315855274917,-0.286913117310409,-0.147110427562454,-0.139010251774602,-0.354651005870051,-0.248172058125422,-0.568786028000389,-1.04169793882657,-0.173283938492986,0.323133584084783,0.579397116669327,0.957613589477038,1.42056985223527,0.79569601232366,1,-7742.37426309276
0,-0.0154184782073029,-0.10244058807382,-0.107801684647165,-0.0588088038065205,-0.0649008888547929,-0.0867950138177029,-0.120678134187481,-0.0746710294993981,-0.0932460338434318,-0.0497359182819266,-0.194841809441932,-0.183199727819071,-0.170514621014369,-0.165676608458636,-0.903522607875204,-1.17060334692986,-1.01874175311775,-1.05388332113663,-0.00695190075572569,-0.0600440004832536,-0.042205955300097,-0.0428427170751978,3.44990374375874,-0.653395071204069,2.82591334541859,1.2821412009394,1.57665969318197,0.773598631691302,0.898186356882016,1.56400869867874,0.456822096832944,-0.224092046269432,2.12487442615258,1.40973808636629,3.78548262439827,1.42936847569588,-0.25594062692008,-0.260037732524135,-0.257914672193702,-0.27374314999832,-0.139300824435063,-0.126488829029607,-0.345787836766993,-0.221653048508597,-0.567347469557627,-1.00963438592199,-0.188110790085893,0.332319439509909,0.58033744940528,0.969650133265034,1.37693100475177,0.826668466340102,1,-7740.5841193259
0,-0.0154152846085276,-0.10449102372123,-0.108122775626289,-0.0600200270363762,-0.0723548321857541,-0.0944219393782347,-0.121280350161568,-0.0765037293575187,-0.100221677851561,-0.0520683619628431,-0.2003448105453,-0.188918212577777,-0.174438352435672,-0.164914724613968,-0.90382267406783,-1.13254866003615,-1.05887130869875,-1.01765176136464,-0.0103828255367345,-0.0629661019094532,-0.0437467382333616,-0.0397571738014983,3.55764866994921,-0.5486515681638,2.89690141839706,1.2342111656904,1.66688193999179,0.845900623042489,0.880737503206901,1.60528333504846,0.586040078578605,-0.255326984546402,2.27326359285455,1.51869131421074,3.83551774511141,1.37343966687992,-0.24398297880307,-0.247651813764573,-0.262246568243069,-0.22421535750999,-0.153607015412604,-0.0993970895507475,-0.348968743884294,-0.140158143323111,-0.565713500137667,-0.939457066937321,-0.142755455395123,0.322271560903833,0.567307476403228,1.01970414193585,1.33095402903208,0.799398739400644,1,-7738.86144155896
0,-0.0157451477122935,-0.105215652926264,-0.10890184424232,-0.0605433507337419,-0.0739835754616725,-0.0962864752110775,-0.12315206853496,-0.077513560270062,-0.102306956886713,-0.0516399672198774,-0.202299548269751,-0.19021627518902,-0.17608140042417,-0.165707758622817,-0.878747775709414,-1.17048939524815,-1.0761742676653,-0.991833160391553,-0.0115341893213708,-0.0643598991916348,-0.0441824404213662,-0.0404133431447651,3.60522107260121,-0.500069014490731,2.92418327665369,1.21421931981587,1.71550275998746,0.86195276256875,0.903225847617773,1.65372130503749,0.645913569003263,-0.304054799387838,2.31890845699869,1.56279980963445,3.86561446194147,1.38662692640618,-0.24755674867176,-0.253654061336794,-0.264798073600303,-0.217090368147488,-0.164026579620105,-0.111241242673147,-0.348122968578655,-0.12671027916706,-0.567872987901927,-0.907931222366054,-0.173100460154838,0.321584523352209,0.559499185631459,0.985523389196965,1.35260656506658,0.792355620441072,1,-7737.154556508
0,-0.0170139608411426,-0.106620274345742,-0.107609815726273,-0.0604643144565425,-0.0722156576940348,-0.0986336492208268,-0.123022001034419,-0.0778937062863685,-0.102083168581321,-0.0499033526206269,-0.207488992222599,-0.192165887204789,-0.175830354949681,-0.160978109096135,-0.841908780236015,-1.20602338088295,-1.05945208346031,-1.04356896813717,-0.0125998946051466,-0.0680897777986772,-0.0447628290377076,-0.0427354718972633,3.67605705073617,-0.42726237131125,2.96046146653171,1.18618510609679,1.79656764711004,0.873376017003302,0.970113898089205,1.74487163935288,0.714066818465848,-0.397852330289728,2.36263366976451,1.61614444625459,3.91906187067488,1.45106303344306,-0.26177024395974,-0.267648625640954,-0.278263590722812,-0.231850217562703,-0.182894366623345,-0.137019841530779,-0.352049063933068,-0.149167110491957,-0.582731909903767,-0.869229937329178,-0.114424202018779,0.324369595329551,0.550954687731369,0.950710776617054,1.40459934671388,0.799076371993183,1,-7735.54362450193
0,-0.018854247871978,-0.107259668505209,-0.106013668516122,-0.0605590290662896,-0.0748180378797076,-0.103080666665747,-0.119748495622385,-0.0795482219455074,-0.106707139526645,-0.0492533617508453,-0.210562362857889,-0.18744875734971,-0.177303690214123,-0.167814205821767,-0.82424771049475,-1.16744693582073,-1.08044816115176,-1.15267226764386,-0.0158731811701905,-0.0697894786901013,-0.0459328718262825,-0.047709107068919,3.74477697102116,-0.35631385811651,2.99092774193535,1.1611583857669,1.88172560168757,0.874015892568697,1.07014514767799,1.84200306622684,0.754616850014952,-0.484454964280617,2.3766522133821,1.65274645431761,3.9810601878829,1.55779994588775,-0.259874240168255,-0.26292041900671,-0.281907989920312,-0.238594003270024,-0.205360016607022,-0.120061280658123,-0.358592275715752,-0.197906758538212,-0.585479055163825,-0.845337831386528,-0.155572971814182,0.290268583828928,0.542645642405769,0.955242327500492,1.44481291290214,0.782734187789388,1,-7734.09784153627
0,-0.0169634907952886,-0.110944002086827,-0.108254460382721,-0.0607779592268992,-0.0809038961864781,-0.108498824971525,-0.119025526151703,-0.0811928345758506,-0.111095500901217,-0.053610337170851,-0.215908727118602,-0.183047302694755,-0.178216846379327,-0.172230909823532,-0.979384601768366,-1.16484086644823,-1.09956675837612,-1.13879305556677,-0.0164471438760132,-0.0696324907345849,-0.0458946940867626,-0.0540573988984342,3.85342986915071,-0.256113012778887,3.00846764891774,1.13648145104987,2.0243285545344,0.821502737489246,1.3879784754231,1.99358261004333,0.665481883449079,-0.471661103243649,2.2452526407255,1.62542783994374,4.12784421585587,1.89701291617611,-0.23005800801814,-0.219039258947261,-0.282837665012773,-0.217804296213408,-0.185760812768094,-0.0254776912815156,-0.343887541839992,-0.158713950323262,-0.592860189609034,-0.892696548211992,-0.141269664399287,0.341523397589125,0.527451512747073,0.88312778070808,1.33923525352046,0.784320291141583,1,-7732.32280504635
0,-0.0181648950179218,-0.114024067545536,-0.105576751719306,-0.0606687386316697,-0.0861181356701654,-0.114260472113978,-0.121263340487653,-0.0825503809902444,-0.113063958430682,-0.0569452741402593,-0.221680365486482,-0.187241854411227,-0.179228706067819,-0.165657744689995,-1.05590829917661,-1.19527319217496,-1.08628919294026,-1.12315660539949,-0.0184181769232403,-0.0780217293174341,-0.0475041582073724,-0.0580547542540363,3.9212100225735,-0.200448173655207,3.01406117655069,1.12693757544852,2.1171030426392,0.787572299054279,1.60733737244122,2.06403815395495,0.57522569101018,-0.432554797454589,2.13015927092602,1.62459272242763,4.22699998941286,2.11487415182144,-0.215015789069135,-0.255189974457508,-0.290513039638102,-0.183871646200293,-0.183948245173732,-0.105285967723772,-0.352258360275096,-0.113025418432351,-0.601401206160187,-0.93696990167043,-0.156936668458884,0.319674707795251,0.520092567264954,0.93407495640827,1.24338287165912,0.779303044786361,1,-7730.71410521888
0,-0.019366386407457,-0.113143412479858,-0.10504231427801,-0.0602417174110233,-0.0900044292899382,-0.117474919894969,-0.122654592678642,-0.0829414299731217,-0.115161495597113,-0.0579789720235984,-0.215229327864056,-0.185246716225878,-0.177732966724315,-0.165965570126095,-0.885992869977623,-1.20367553791925,-1.09184735614796,-1.1471158501575,-0.0252804017523067,-0.0779493362958865,-0.0476582261129427,-0.0617898256196368,3.96152309194369,-0.20537542130012,3.01296987703309,1.15499537341394,2.11544888263074,0.753229530359067,1.77954033362377,2.03577188715789,0.492691608334229,-0.196776877940439,1.9352014593454,1.7575525984183,4.31657755437373,2.15481775288523,-0.239132776042785,-0.250935869489486,-0.295185896319288,-0.171777463933947,-0.23496551504384,-0.101365778085725,-0.358989307349736,-0.118428857858725,-0.608845253887803,-0.99837339558623,-0.155568566576446,0.330479880338587,0.521912799317189,0.898247707122593,1.20460962187669,0.785137109472653,1,-7729.60041123323
0,-0.0192651179415458,-0.114374572633494,-0.102373080940325,-0.05915024786429,-0.0891261031551226,-0.122176091021807,-0.122531871572335,-0.083491635637775,-0.115152297581214,-0.0549696722531353,-0.218748041216756,-0.183756435877382,-0.175958692079438,-0.163614244362179,-0.946123197319444,-1.19479745790885,-1.08503382263947,-1.13809886708836,-0.0247323758150863,-0.0755864347659931,-0.0460186637422775,-0.0614235596710593,3.97493720466228,-0.237112461027537,3.02354650563748,1.19040498353624,2.03093130868865,0.716128814209106,1.79011145437657,2.02806124275708,0.525025592694691,-0.122205423489852,1.80883191839971,1.7543571907979,4.3577489906032,2.06067506298702,-0.241223247147674,-0.256468783068623,-0.293402564477867,-0.16898858710745,-0.261979992865294,-0.120201481167802,-0.368034305665611,-0.137224701924408,-0.606467950986831,-1.0059055257048,-0.157426269305773,0.322887881286493,0.526674182483243,0.902003441038142,1.29943745651889,0.791532433503569,1,-7728.9002390745
0,-0.018652135963794,-0.116241484714741,-0.100952958052034,-0.0586908614121454,-0.0872201324177274,-0.125127426714268,-0.1228054953768,-0.0838129808318949,-0.113984350479981,-0.0551752661643848,-0.221580510464403,-0.181801253076258,-0.175047715471139,-0.161899488292947,-0.932426978698416,-1.18824518165433,-1.08103426758637,-1.12904451925193,-0.0279940402933691,-0.0720460775815492,-0.0447521708086351,-0.0603226125192328,3.99132295176425,-0.306082574164359,3.05571528203234,1.27530439272339,1.85647591787426,0.665924505735395,1.7439734354534,1.98276569163907,0.529762450165634,-0.199947212065595,1.60593694035306,1.67082887768458,4.42182915426312,1.87223821141097,-0.248891664970576,-0.258465253987551,-0.293087968665506,-0.172193105411354,-0.286539227525831,-0.126008815306601,-0.376712619931528,-0.151032675461325,-0.608317167883735,-0.978983896450229,-0.15896983176258,0.31806267159465,0.535752347020765,0.901316200375179,1.28312626727592,0.798258608991442,1,-7727.12305412028
0,-0.0207465966982434,-0.121365294425008,-0.102685776641618,-0.0592777923090213,-0.0843653934012544,-0.126929075922676,-0.121472861094616,-0.0822961463818872,-0.113303350121032,-0.0528277467967546,-0.225859512605365,-0.179952914690613,-0.174939775976122,-0.158958145311235,-0.989827116601822,-1.20478044803655,-1.08999213407495,-1.12975680804748,-0.0315712170352188,-0.0727356273342508,-0.0476370205969647,-0.0551968352488474,3.97279924598668,-0.429230318943437,3.24020068987649,1.46269972037827,1.7811461906538,0.662357627382335,1.30899400770327,1.96075624081634,0.381595653259985,-0.292136274937469,1.47905927447299,1.78731774100077,4.5209359431949,1.83005065056695,-0.283034909800997,-0.257485882780654,-0.299249831336095,-0.175877586763087,-0.324755199585571,-0.127528333973238,-0.387217608730351,-0.142990669919152,-0.612005984449386,-0.943068661663707,-0.171056293490089,0.313485584403097,0.537800384602164,0.886967160305317,1.34224096731338,0.795823031068814,1,-7726.51157270222
0,-0.0181924027087867,-0.120903042398408,-0.104859042481932,-0.059641441497168,-0.0743174915029104,-0.121143722113559,-0.125609008611336,-0.0854212886156416,-0.110779292030752,-0.0532123194548923,-0.226977276897157,-0.181653172014068,-0.178024735447988,-0.158968113892172,-0.951246091250128,-1.20760676872241,-1.07947176858892,-1.08435818502957,-0.0298658064429364,-0.0712898003928807,-0.0470945949318068,-0.0488554099753351,3.95399390418198,-0.55479733969522,3.46990065639749,1.67885095562732,1.68183787746174,0.58328857810234,0.774918866026507,2.05025878851324,0.414111588726034,-0.270126913534705,1.3806033021437,1.77100488152459,4.63736031248019,1.84923177400602,-0.288089038415629,-0.258571122411503,-0.306528182098086,-0.218225724348596,-0.303845393518981,-0.142604609539875,-0.405640174790771,-0.203736607525303,-0.615817985904031,-0.914028387303117,-0.176043850765392,0.277400494121909,0.524015418024864,0.91262126197492,1.32889036961765,0.810514408948777,1,-7725.49825667125
0,-0.0181930802904827,-0.121534749822113,-0.104856177927579,-0.059419851758764,-0.0734324816279509,-0.121435375163245,-0.124871782983309,-0.0852487081141269,-0.10965477318209,-0.0527544837946896,-0.226694694344816,-0.180559227336896,-0.17715792820935,-0.157773365540224,-0.947419664308428,-1.20516545056829,-1.07541015574688,-1.07675577096517,-0.0302924515395714,-0.0707088330873825,-0.0463631601074293,-0.0485335986666845,3.95217144313386,-0.569425150486185,3.5085194682874,1.70538500228387,1.67872252726958,0.547668397369326,0.744902057286338,1.94472120298911,0.488533116714193,-0.291678297821002,1.39280100887521,1.76173153910946,4.66216883417281,1.8732408746146,-0.296687269105034,-0.256673709402399,-0.305825730185486,-0.218664172402113,-0.313752775336669,-0.14291658334898,-0.40786317470293,-0.205653443486169,-0.61528372393383,-0.917819443145397,-0.176168720226299,0.275680137727247,0.529598782446529,0.916695808253615,1.3363681280862,0.814402926157719,1,-7724.86061479205
0,-0.0172919771841852,-0.122413503526913,-0.105374665153084,-0.0589899831998276,-0.0755651958296947,-0.121082748142753,-0.124934355189726,-0.0847152031601811,-0.107220436628595,-0.0518606899953238,-0.228145393485911,-0.180821665455598,-0.175966063141232,-0.15997679035949,-0.932870602623452,-1.20292061806084,-1.06380069335125,-1.07551603911784,-0.0282719068957317,-0.0682832839494742,-0.0433771549005652,-0.0514816980778413,4.01857501994066,-0.511714190576245,3.58212106578285,1.62328016489234,1.59701096900662,0.400813939560204,1.03826056244381,1.88809384817597,0.487614434527351,-0.31771683987363,1.64734834786232,1.72471113270036,4.73664915240754,1.70732933250734,-0.30814314063826,-0.258735858777275,-0.303120832628027,-0.208762719475939,-0.318975680117358,-0.147196167536143,-0.402171944397133,-0.183858625315572,-0.611329854545499,-0.836368187551009,-0.183784060583619,0.27534989094033,0.535762049783349,0.937990276744887,1.35353187186975,0.818327922177363,1,-7723.81378076777
0,-0.0174318853789363,-0.121989924064914,-0.105498573513396,-0.0591087610627948,-0.0760973103352806,-0.12111328334667,-0.125394171657271,-0.0845102542572024,-0.107126869240538,-0.0520855102317471,-0.225785617455534,-0.180978201233959,-0.176054799905778,-0.160579441184459,-0.931360683949068,-1.20396155139268,-1.06419298367065,-1.07764286870337,-0.0269799893375986,-0.0677020029107051,-0.0437550616563199,-0.0518941672246644,4.02216883178622,-0.5197047302682,3.59277805719906,1.57611125396032,1.58529885904903,0.456121255567764,1.10735142863756,1.89633843820169,0.514070952671692,-0.335004650050371,1.67796944503228,1.71575116912232,4.75413369744765,1.67194241687924,-0.311504085409414,-0.25905723476561,-0.303640097346406,-0.206312311154551,-0.320807094186477,-0.148809227057677,-0.403333761509631,-0.180268908377642,-0.611287402011747,-0.891973929060873,-0.184106660308529,0.275376061958663,0.535988053413111,0.938351399867201,1.34806778813971,0.817623392743558,1,-7723.50541762284
0,-0.0175925896543279,-0.121798910427275,-0.105136822596543,-0.0591057624371659,-0.0764133557692085,-0.122588626085186,-0.125325546707094,-0.0840520219424948,-0.106929768326251,-0.0519523341825987,-0.227076555477878,-0.180255775753008,-0.175660642462105,-0.1604143931874,-0.923983370729936,-1.20302069882228,-1.06490203330665,-1.0781868174393,-0.0262923911846376,-0.0670467407973822,-0.044315875836259,-0.0520383012591796,4.01112913244664,-0.541791362723246,3.60137441466959,1.50942239282418,1.59766816157506,0.557034863351111,1.17690532271584,1.88912589938808,0.537957103404451,-0.329603419179821,1.68609352255091,1.67636465459943,4.77701895187902,1.65541718536545,-0.308466484645682,-0.259221304785277,-0.30410554850649,-0.20382299974787,-0.324861307250257,-0.151364530720497,-0.405589612591641,-0.178869505577227,-0.611250742664322,-0.856958504219278,-0.183496347630638,0.276482028937017,0.538407324729115,0.937382963751026,1.35171409190649,0.818585170820724,1,-7723.20388432233
0,-0.0175097101400183,-0.121211197254207,-0.104683807802618,-0.0584173774670997,-0.0760170642363689,-0.12538807155938,-0.123127243177502,-0.0836905250789222,-0.106225459699585,-0.0518673201271476,-0.226067479708717,-0.177813355946663,-0.173669073011548,-0.159236751240718,-0.908478063904179,-1.19803053335621,-1.0592638148226,-1.07264973789334,-0.0251207154579761,-0.0679609889801905,-0.0428540215919857,-0.0511037728652811,3.93331425138973,-0.554550284767231,3.61997042431936,1.35601180532971,1.78159745622459,0.562774030568001,1.23564560357265,1.86801460776619,0.557957765494912,-0.332821663285081,1.67196750479175,1.5978045444815,4.85450988778197,1.5624793914499,-0.308265296769861,-0.252158647090468,-0.301067946225036,-0.200053145158258,-0.339417272141618,-0.144629581211295,-0.406430524920109,-0.180899141247405,-0.610088447046239,-0.877703818814026,-0.180643674394847,0.27441408472204,0.548011521215002,0.939154587664271,1.35203203830482,0.823310435001694,1,-7722.93620037761
0,-0.0174268973319517,-0.121197095482519,-0.103907870100717,-0.0583393570431987,-0.0763119970226991,-0.126321844695244,-0.122796669358405,-0.0834199238546051,-0.106073428968217,-0.0519943608308565,-0.225635673695338,-0.177040559400341,-0.17309927951295,-0.158395032160513,-0.904695185730438,-1.19377590789911,-1.05814192283134,-1.07145242373936,-0.0246038703739241,-0.0671946349899012,-0.0429882096260769,-0.0515537480703681,3.94066537600216,-0.551178854353175,3.63367693758142,1.27639507304678,1.72401714574947,0.567642817843013,1.25382180753878,1.84206866667472,0.569682877693778,-0.331999170486225,1.70245620801783,1.60111589524196,4.92653951871537,1.6090516436418,-0.309355043561919,-0.252718542939428,-0.301121920213574,-0.197403453017072,-0.34445449794457,-0.145721150207734,-0.405629626234755,-0.17898098081926,-0.611010255987307,-0.889772856215638,-0.178597187783377,0.273617575480706,0.549931407164751,0.940472771419933,1.34940519215627,0.824700596194286,1,-7722.69356093582
0,-0.0175814098696761,-0.121900842093294,-0.10254974905327,-0.0582420114031586,-0.0759962268016506,-0.126940764927806,-0.122229463513098,-0.0831086937639321,-0.105265624791112,-0.0518456637805145,-0.225642681796624,-0.17499613111557,-0.172269289411334,-0.15633012398698,-0.902623053061791,-1.18590455778891,-1.05583031871059,-1.06484090782846,-0.0228217053744791,-0.0660556128789411,-0.0437896840222618,-0.0523624181504066,3.98736460436924,-0.643638489642311,3.68303480141232,1.20903196390933,1.65807045491082,0.62764126835918,1.29822051781838,1.82915346068023,0.577548415406499,-0.318105197122569,1.80445043765323,1.5950396488884,5.20998339027069,1.66882496400427,-0.319079420654521,-0.252871384058291,-0.303049196199721,-0.194774371885118,-0.352923243165243,-0.148260845452255,-0.409746231818794,-0.180348878195814,-0.614174287688541,-0.91102803989275,-0.176054247563915,0.265214410841686,0.552764237328155,0.943082223529926,1.35074123409736,0.827911620606412,1,-7722.45565023939
0,-0.0174609144241567,-0.122091620055185,-0.102809880673574,-0.0583263126230486,-0.0765195174111932,-0.127898029681596,-0.122984577632578,-0.0835107044570162,-0.105840081385182,-0.052052771716423,-0.2259457758899,-0.175454530163754,-0.172633325220706,-0.156774056678406,-0.902300449906648,-1.18794574021824,-1.05711130101257,-1.0690310021791,-0.0222611668862683,-0.0659458935092555,-0.0437254012787249,-0.0518790200322723,3.98219120157058,-0.705428234236824,3.74838591707054,1.13311757906534,1.61628833579102,0.58899325236734,1.25965903555483,1.82628458612214,0.569132604668682,-0.316432879668737,1.87595575047547,1.60875312241449,5.41868723939593,1.69906029395628,-0.317969197323022,-0.252290498084424,-0.303714361557742,-0.191845475538404,-0.356276425082201,-0.151429362541126,-0.412089493771155,-0.178311346636387,-0.614550222199746,-0.912073999456565,-0.176045193679411,0.258109738285472,0.551506290120975,0.940957028590044,1.3486653116625,0.82722509313153,1,-7722.39983158997
0,-0.0173382427851186,-0.122384173972962,-0.10256763291472,-0.058240000196119,-0.076021007491309,-0.125919256573616,-0.123001223446306,-0.0840752744878312,-0.105816255842619,-0.0519253299386785,-0.225670476678793,-0.174985870646684,-0.172765695237365,-0.156389405458554,-0.90244528431943,-1.1860843319299,-1.05609713790011,-1.0671795006959,-0.0220969755892404,-0.06577647779886,-0.0436181650690895,-0.0516817740156766,4.00091598571224,-0.841560186554291,3.83724405507533,1.19295370204367,1.59451534763465,0.552924954952222,1.23164558026128,1.82821324262628,0.557335910444536,-0.314814546987735,1.99052426350357,1.60967114043734,5.80097757490258,1.70239288474458,-0.319462273515858,-0.250323514434103,-0.303426465478436,-0.19223176920943,-0.34779788145973,-0.152276354453946,-0.415870338425171,-0.181920105147075,-0.614853413333674,-0.913502892973257,-0.17564866425175,0.245777877874714,0.551589176091339,0.940659001538221,1.35326189687372,0.827027136361038,1,-7722.31606451063
0,-0.0176142466624642,-0.122699526943492,-0.10283968937423,-0.058323065405536,-0.0760620576120842,-0.123451065548227,-0.123501323638227,-0.0851996031085403,-0.106434389059669,-0.0518152793090877,-0.225475773397432,-0.17557618017091,-0.173869365913689,-0.157038425563,-0.908649251106204,-1.18783894202179,-1.05750043369733,-1.06914653702137,-0.0231134700462214,-0.066367839181904,-0.0437203778346167,-0.0516772706989956,4.05630694858307,-1.06142954631435,3.9627833166214,1.35246193970609,1.61943783979457,0.530704054662314,1.22242640664999,1.84526175215522,0.555488567592517,-0.311763401251984,2.18236997565162,1.60463266816274,6.38668042835015,1.68815829924362,-0.319010040094846,-0.247745643498367,-0.303249663611011,-0.191617012057108,-0.337361974557609,-0.153480212620004,-0.422929258153336,-0.187263059366172,-0.614176784154215,-0.912948068009731,-0.17647583042679,0.230315181351955,0.549746075983742,0.938538876838297,1.35537034572983,0.824564737151003,1,-7722.23999538592
0,-0.0176117920336969,-0.122368324483576,-0.102846618391951,-0.0583501782835809,-0.0761271493165007,-0.121608518794348,-0.123994992330276,-0.0858126139840223,-0.106615756205247,-0.0518636426554877,-0.224796370036007,-0.176002494118628,-0.174405194694981,-0.1574345766454,-0.90878522143901,-1.18917886023949,-1.05838399090872,-1.07109242914422,-0.023353799737903,-0.0662812282988806,-0.043729569343005,-0.0516323743315232,4.06475305657206,-1.17478647846514,4.05146827841344,1.40478763977874,1.60469055816396,0.512329726130598,1.22144893094582,1.84547346121577,0.559542590681516,-0.315645422683585,2.2668659339103,1.60355994487823,6.68558166533628,1.6818525257903,-0.315356186262705,-0.247597590816993,-0.302897180729312,-0.191585632419946,-0.325591039929825,-0.155320857885655,-0.426373642088328,-0.187917987837785,-0.613425487083313,-0.913531488551611,-0.176100753127187,0.222596582003169,0.549188208828975,0.935449319000838,1.35498063699862,0.822913086572066,1,-7722.22186618806
0,-0.0177486977326694,-0.122262633163677,-0.10291734168387,-0.0584112480561156,-0.0763710431519369,-0.121345903065869,-0.124063454626991,-0.0858866638531762,-0.106884122160386,-0.0519319145144547,-0.224578795844045,-0.176351291921344,-0.17467039232362,-0.157752591201134,-0.908931309745353,-1.1894100839777,-1.05902782992589,-1.07204518187743,-0.0237637066336391,-0.0664135574562849,-0.04384031476988,-0.0518180541004929,4.07839180054869,-1.18359778466448,4.07246332559074,1.43372594178984,1.61089133189833,0.519508099012901,1.22987347904323,1.84654393042263,0.565395429504845,-0.316848744733856,2.29190841510731,1.60338959636462,6.7944263646408,1.68240766096923,-0.314049901736077,-0.2478847066386,-0.302608970246482,-0.191249271070365,-0.323738007101058,-0.155531364816526,-0.425973242873281,-0.187945777226676,-0.612953270974012,-0.914937803618149,-0.176125100300287,0.224032227634209,0.548579992159739,0.935260743643335,1.35315682646814,0.822062852952353,1,-7722.22067906791
0,-0.0177919093757694,-0.122336549986667,-0.103047208755767,-0.0584764932615837,-0.0765044296793146,-0.121627441460479,-0.124176657113363,-0.0860933050709678,-0.10700454368682,-0.0520199212490628,-0.224719594434929,-0.176570941548121,-0.174939654735166,-0.15785539574518,-0.910697127182178,-1.19040367566864,-1.05964167805278,-1.07269462493792,-0.0239846814278924,-0.0665074526886023,-0.04393034986606,-0.0519770013037953,4.08764694347859,-1.21272447223649,4.09096953676672,1.44091528909064,1.61571336304706,0.519513486213909,1.23737660619723,1.84865430724361,0.569146763679639,-0.316463605166091,2.31113650016519,1.60500292095783,6.83948384593754,1.68543536911899,-0.314136228201601,-0.24823320098208,-0.303087170073389,-0.191214181854761,-0.324822772115771,-0.15517807170605,-0.427187107843665,-0.188372333284834,-0.61335780284695,-0.915442617179253,-0.175904404411003,0.220531521661384,0.547941960962895,0.934420876543407,1.35069178071636,0.821698683531003,1,-7722.21781818572
0,-0.0177214304363272,-0.122364425806278,-0.102943369473347,-0.0584282132037502,-0.0763660996194413,-0.121864630716379,-0.124135455870204,-0.0859822637320589,-0.106848037883466,-0.0519601786276873,-0.224815139616966,-0.176385541728954,-0.174709754695932,-0.157686820556529,-0.909623047887158,-1.1898437485195,-1.05920130319523,-1.07217771536897,-0.0237117849214332,-0.0664167548204272,-0.0438566800413308,-0.051854248979378,4.07462392235492,-1.1972010786095,4.08112800733668,1.41703270415907,1.60953885565037,0.517276308980658,1.23132299639412,1.84662254637593,0.566049571387042,-0.316368152405312,2.29229802307783,1.60442437275694,6.80063966551309,1.68465976038969,-0.314773779142532,-0.24848645222605,-0.303058433288172,-0.191376410533049,-0.325879373009691,-0.155875521424828,-0.426868644273489,-0.188063774592292,-0.613392974640896,-0.914841901828363,-0.176057375821972,0.221803256206929,0.54844401074115,0.934693882030147,1.35206392859921,0.822085384307988,1,-7722.21670652381
0,-0.0177210551899824,-0.12238716878514,-0.102958309848495,-0.0584321745094348,-0.0763844314295732,-0.121944079413947,-0.124114381024177,-0.0859807577926275,-0.106868779395623,-0.051975487658483,-0.224876101645255,-0.176408897733156,-0.174729678703294,-0.157709619955585,-0.90966589661902,-1.18985710189516,-1.05918751130638,-1.07214673812171,-0.0237360331075796,-0.0664200657407766,-0.0438628195438383,-0.0518691082187298,4.07549592271284,-1.19823831699551,4.08320263093893,1.41650459507997,1.61042735751916,0.517419873216935,1.23175329764281,1.84680210427827,0.566137496357276,-0.316419367990729,2.29382075430401,1.60459837831672,6.8156946607507,1.68466717544961,-0.314747017927005,-0.248507361553197,-0.303025688853342,-0.191377703968915,-0.326074868291995,-0.15569055086547,-0.426768894895507,-0.188086010240415,-0.613382018489317,-0.914696054875266,-0.176014695362178,0.221891853111931,0.548386001459825,0.934741075776787,1.35175314208993,0.822042731997229,1,-7722.21651853518
0,-0.0177180723935627,-0.122431136602378,-0.102966193991909,-0.0584371930524311,-0.0763891147453107,-0.122073019586414,-0.12412389034588,-0.0859932527041657,-0.106878913958235,-0.0519849184747184,-0.224963148584616,-0.176435561307224,-0.174748106620864,-0.157718972699871,-0.909776637917786,-1.18988245074965,-1.0592151098694,-1.07215845809568,-0.0237564060817166,-0.0664351715782455,-0.0438688127370617,-0.0518818326783219,4.07394602287656,-1.20186755596583,4.08601505484089,1.41490461875887,1.61081103702182,0.517294427580212,1.2320110615089,1.84709206900912,0.566191674474788,-0.316326017030835,2.29675231453577,1.60478427341942,6.83593301613488,1.68487529642297,-0.314948428955977,-0.248618685144439,-0.303045375878511,-0.191415866863242,-0.32658685919751,-0.155775516356648,-0.426798393534309,-0.188142701949658,-0.613415421181895,-0.914562816542071,-0.176019990193475,0.221718691838192,0.548318897434799,0.93470312078835,1.35148933710377,0.821996097900938,1,-7722.2164339551
0,-1,-1,-1,-1,-1,-1,-1,-1,-1,-1,-1,-1,-1,-1,-1,-1,-1,-1,-1,-1,-1,-1,1,-1,1,1,1,1,1,1,1,-1,1,1,1,1,-1,-1,-1,-1,-1,-1,-1,-1,-1,-1,-1,1,1,1,1,1,1,-7722.2164339551
0,-1,-1,-1,-1,-1,-1,-1,-1,-1,-1,-1,-1,-1,-1,-1,-1,-1,-1,-1,-1,-1,-1,1,-1,1,1,1,1,1,1,1,-1,1,1,1,1,-1,-1,-1,-1,-1,-1,-1,-1,-1,-1,-1,1,1,1,1,1,1,-7722.2164339551
0,-0.999999988358468,-1.00000630592695,-1.00000266678398,-1.00000187807018,-1.00000209198333,-0.999995198450051,-0.99999831081368,-0.999998611747287,-0.999997464183252,-0.999999193823896,-1.00000050873496,-0.999997873383109,-0.999997069244273,-0.999999731953721,-1.00000025727786,-1.00000186671969,-0.999998486600816,-1.00000017433194,-1.0000000721775,-1.00000073865522,-0.999999777937774,-1.00000044354238,0.999998044513632,-1.00000081112375,0.9999960072455,0.999998683051672,0.999999556748662,0.999999907158781,0.999999747378752,1.00000159576302,1.00000068481313,-0.999999477295205,0.999997640552465,1.00000020634616,1.00000176281901,0.999999456922524,-0.999999810825102,-1.0000008061761,-1.00000197847839,-1.00000275322236,-1.0000013774843,-0.99999929277692,-0.99999859923264,-0.999998403654899,-0.999994080280885,-0.999999794235919,-1.00000005529728,0.99999636260327,0.99999624415068,1.00000126834493,1.00000007450581,0.999999732535798,1,-7722.21643345108
