"asc_a","asc_b","b_tt_pt_business","b_tt_pt_commuters","b_tt_pt_leisure","b_tt_pt_shopping","b_tt_car_business","b_tt_car_commuters","b_tt_car_leisure","b_tt_car_shopping","b_dc","b_tc_business","b_tc_commuters","b_tc_leisure","b_tc_shopping","b_ic_business","b_ic_commuters","b_ic_leisure","b_ic_shopping","b_hw_business","b_hw_commuters","b_hw_leisure","b_hw_shopping","b_bus_commuters","b_bus_leisure","b_bus_shopping","b_rail_business","b_rail_commuters","b_rail_leisure","b_rail_shopping","b_car_inertia","b_car_available","b_car_male","b_bus_disc","b_rail_disc","b_bus_ga","b_rail_ga","mu_mc_car_bus","mu_mc_car_rail","mu_rc_bus","mu_rc_car","mu_rc_rail_by_car","mu_rc_rail","logLike"
0,0,-0.1086,-0.1353,-0.0571,-0.1066,-0.11,-0.1491,-0.0764,-0.1462,-0.0572,-0.1314,-0.292,-0.157,-0.3607,-1.0318,-1.4274,-1.1492,-1.2692,-0.0326,-0.0544,-0.035,-0.051,2.9428,-1.098,2.4257,1.4948,1.3332,0.2886,1.2117,1.9076,0.588,-0.3295,1.1958,1.6995,3.6511,1.7218,0.4082,0.5051,0.9878,1.2254,0.7688,1,-8130.36341929325
0,0,-0.1086,-0.1353,-0.0571,-0.1066,-0.11,-0.1491,-0.0764,-0.1462,-0.0572,-0.1314,-0.292,-0.157,-0.3607,-1.0318,-1.4274,-1.1492,-1.2692,-0.0326,-0.0544,-0.035,-0.051,2.9428,-1.098,2.4257,1.4948,1.3332,0.2886,1.2117,1.9076,0.588,-0.3295,1.1958,1.6995,3.6511,1.7218,0.4082,0.5051,0.9878,1.2254,0.7688,1,-8130.36341929325
0,-2.1667780354619e-05,-0.108550308186002,-0.135139253556449,-0.0591743551119231,-0.106613255098835,-0.109898663795087,-0.149126411172468,-0.0749158120612614,-0.146180451465584,-0.0571263958092779,-0.131443426394928,-0.291989345894661,-0.156157573574688,-0.360652747445554,-1.03179637210742,-1.42736778566251,-1.1491823754942,-1.26917803818062,-0.0325804767020978,-0.0546272409708239,-0.0353637983221561,-0.0510764897018671,2.94280161319599,-1.09798956266651,2.42570288580172,1.4947997710716,1.33319562964821,0.288589956689067,1.21169700723262,1.90761721362444,0.5880088270735,-0.329495479351841,1.19580932032475,1.69949138694489,3.65110204646355,1.72180070825731,0.408195020353701,0.504965872240625,0.987731183997542,1.22539836834567,0.768787106583081,1,-8118.66005145482
0,-0.000378468132992341,-0.101735369249259,-0.114512342051181,-0.0425576467150506,-0.107963582168428,-0.0969172025756428,-0.152512301460654,-0.0492385188997275,-0.143868428472291,-0.0617105130409575,-0.137106219562938,-0.290482892912693,-0.089033281972271,-0.354380736044878,-1.03130356988329,-1.42303681529514,-1.14545946338456,-1.26623641719337,-0.029854583969783,-0.084095024004174,-0.00291869003339996,-0.0607917461978811,2.94301811437359,-1.0965285255925,2.42608956142514,1.49477327439769,1.33262471089826,0.289693551993719,1.21131007358363,1.90817640082318,0.587157528089135,-0.330429247865366,1.19709507984801,1.70004354457002,3.65139247057171,1.72203943850605,0.406852513164231,0.490766885798669,0.978416569123061,1.22523487750292,0.767358182220792,1,-8103.14889031471
0,-0.000566087430347855,-0.100383056009778,-0.114701758940728,-0.0377376797250419,-0.106454872945534,-0.0959349310269138,-0.152148011735122,-0.0448535008992182,-0.144607414342047,-0.0613410688330047,-0.137479099833417,-0.289665765786651,-0.0842509845023334,-0.353048109684483,-1.03114754772909,-1.42184332070115,-1.14459312794965,-1.26547901421868,-0.0289283345182721,-0.0872912930476872,-0.00828333363056426,-0.060856163424299,2.94307632067964,-1.09619022428237,2.42619031175526,1.49477757216998,1.33253635830772,0.289736101454466,1.21127320001039,1.90848612239499,0.58707116899121,-0.330577887564711,1.19740584163017,1.70015398989849,3.65146035458395,1.72212257078803,0.406692039835489,0.490507480873258,0.976186062499192,1.22522526728473,0.767102019449752,1,-8099.62779917214
0,-0.000612283842741413,-0.100570539512238,-0.114282787978005,-0.0378665022388746,-0.105371633815765,-0.0947831570268167,-0.152837243742432,-0.0465737952135016,-0.145079083760493,-0.0610645135450088,-0.137186039503627,-0.289047900422936,-0.0818907298591311,-0.351760924793682,-1.03098742219331,-1.42060253421419,-1.1435128692506,-1.26473599792781,-0.0283545266240132,-0.0875626941662308,-0.0101674362567698,-0.06085927708153,2.94313922055808,-1.09585570329255,2.42628960790327,1.49477353535882,1.33251124390569,0.289853241023487,1.21123403534745,1.90876157032847,0.586898322968766,-0.330792134493801,1.19771604032049,1.70035875662237,3.65152733435801,1.72223111672153,0.406532301945106,0.49126987091327,0.97402212513789,1.22523755008761,0.766859170805824,1,-8098.48957241348
0,-0.000751571130326165,-0.0930812442349852,-0.114661755153914,-0.0383510327627964,-0.101951923447961,-0.0947426365763631,-0.156089072698479,-0.0483951034595199,-0.145263349875641,-0.0585077866477442,-0.135666850500597,-0.284110075689505,-0.078729338020097,-0.341464300826241,-1.029636161351,-1.41073749552707,-1.13472832540832,-1.25891066371409,-0.0213199870574451,-0.0881081500610014,-0.0107345074646771,-0.0633705365947368,2.94363995184999,-1.09318332115284,2.42707001798236,1.49482580235944,1.33231725943479,0.290985607847889,1.2108314240533,1.91094089900947,0.585385575795805,-0.332601740223381,1.20018574516276,1.70219023069894,3.65206145174548,1.72315121352039,0.405179378462334,0.499165499100178,0.956925205193294,1.22532026964579,0.765035197516005,1,-8097.76445264284
0,-0.00167407113074723,-0.087259941408805,-0.11888105690888,-0.03588219403307,-0.0882792122235533,-0.0727322451751113,-0.169191972829183,-0.042937757713632,-0.143098593210302,-0.0438943567923362,-0.120857052540053,-0.259034301950835,-0.0748234360917883,-0.288188777639121,-1.02276859136639,-1.35962606844583,-1.08926604998063,-1.22870414844712,0.00457748614673484,-0.0904467041306075,-0.00648813996411887,-0.0761045786151592,2.94623866708756,-1.07928315256781,2.43112211544712,1.49480856320485,1.33128912781062,0.296960054393612,1.20871249574229,1.92244856514966,0.577739745637558,-0.341764046408332,1.21302277398032,1.71157817781269,3.65483959371646,1.72792725387058,0.39816315819726,0.539640295466323,0.868284488417208,1.22578388715628,0.755872211424739,1,-8089.60660177095
0,-0.00196332728289574,-0.0857531666278207,-0.112457642252537,-0.0343613814284799,-0.0855939247600478,-0.0706236842577388,-0.165670782694875,-0.0395408076965176,-0.136457137452337,-0.0535199762507893,-0.109619074226414,-0.251099407473489,-0.072264016468412,-0.26188817890133,-1.01902302759251,-1.33300918491601,-1.06590667414871,-1.21248291883989,0.0091875171700932,-0.087143651804867,-0.00652592483962805,-0.0682210985642974,2.94763328920552,-1.07173336061055,2.43333183828386,1.49469996575975,1.33077826573516,0.300291488148196,1.20782506917963,1.92831177691647,0.573350863152857,-0.346817587520922,1.21998489746901,1.71669455193805,3.65635252659392,1.73055171446747,0.394697892100538,0.554140132800428,0.82156418810245,1.22660622163298,0.752376447853913,1,-8080.58952041013
0,-0.00236952705978888,-0.0843621773635651,-0.11399360919817,-0.0347043479455312,-0.0855376017566931,-0.0693397952476689,-0.156733133404976,-0.0398945602356926,-0.129338601123391,-0.0581746877912979,-0.102313641346036,-0.245163585374047,-0.0691652344202445,-0.243449088890488,-1.01629396763224,-1.31378076712219,-1.04910367511161,-1.20068580889244,0.00990403489091165,-0.0889147197843769,-0.00615515243114756,-0.0629480236144087,2.94864577705973,-1.06616432415577,2.43495681197235,1.49458266016721,1.33026037688747,0.302795715777908,1.2071370589721,1.93268468653763,0.57023439972045,-0.350397084889003,1.22510714159331,1.72034788615573,3.65746913192511,1.73245472537257,0.392248416096072,0.563732007450212,0.787632252324133,1.22721494292207,0.750230351983959,1,-8075.43616802445
0,-0.00320520765416293,-0.0777094622726715,-0.103089540381041,-0.0332705888056451,-0.0873694047788281,-0.0669936464825138,-0.141844966633871,-0.0400090960934537,-0.110078077511262,-0.0474310843275572,-0.0981894738665733,-0.239486495155611,-0.0656341293568216,-0.217639339173317,-1.01172188056924,-1.28196459379619,-1.02277116984189,-1.18109349929612,-0.00253324924355594,-0.0835466040147185,-0.00900534955358264,-0.0589103726755097,2.95038322594503,-1.05642588167906,2.4377745131947,1.49418569854703,1.3295582280582,0.30728148190897,1.20576248025466,1.94007996556087,0.564804639778753,-0.356471625803759,1.23401842495563,1.726529471841,3.6594255078637,1.73574015058548,0.388760767959617,0.574124916558592,0.731453528399659,1.22812528767421,0.74917616018786,1,-8071.413812383
0,-0.00331754597817206,-0.0761903967377313,-0.101389758958437,-0.0332041463276544,-0.0828580927869869,-0.0667981555518509,-0.138090884088525,-0.0396022014505722,-0.108133912845075,-0.0445911210265769,-0.0984038872862056,-0.238080624427427,-0.0653418099283746,-0.212954727883825,-1.01061272242979,-1.27467290634101,-1.01705265708025,-1.17652839831824,-0.00675699304121865,-0.0825283915202455,-0.00802106020223261,-0.0561988212689545,2.95079143844038,-1.05407557838212,2.438457026407,1.49407315751609,1.32938056447323,0.308422168230229,1.20549954086197,1.94170969263163,0.563403471004351,-0.35795283695123,1.23616327196981,1.72803224316386,3.65989875481019,1.73654221314742,0.388062786610924,0.57542415879156,0.718638317434724,1.2284359810602,0.749477097096581,1,-8069.02226400252
0,-0.0037832161141933,-0.0774470606564204,-0.101229103111848,-0.0332850113389006,-0.0759493611875001,-0.0700338815334435,-0.136891377373164,-0.0394665477093298,-0.103625810827856,-0.0479328665116613,-0.102218831560874,-0.234863997206751,-0.0656288030464247,-0.211226832584416,-1.00861800939548,-1.26462886988839,-1.01112906711636,-1.17028294859475,-0.0142812861357692,-0.0817742519964458,-0.00845100992391685,-0.0626876267550068,2.95140518137837,-1.05023687070947,2.43954389212702,1.49388380358977,1.3291005309121,0.310401872862126,1.20480442148737,1.94414222872486,0.561163315168006,-0.360158792620395,1.23961010499243,1.73019148112856,3.66067502414726,1.73779668074077,0.387677224417774,0.574839619147684,0.70169337882182,1.22967018978291,0.752611204379848,1,-8066.62739113102
0,-0.00455614852580946,-0.0941088046404445,-0.102948239589064,-0.0340279078459949,-0.0768228904646152,-0.0876269071595959,-0.148801684705209,-0.0407617481195092,-0.0953122728491589,-0.0438139067009754,-0.123488315209155,-0.225348070141124,-0.0684088652241557,-0.218593215807761,-1.00012378274439,-1.2345938817194,-1.00240503371181,-1.15001655933992,-0.0142639669514054,-0.0901051274704353,-0.00958991062114058,-0.0564873466779382,2.95352073955713,-1.03558632016382,2.44365838104175,1.49353462633114,1.32785061847871,0.318402246494968,1.20255022993152,1.9516400900226,0.551755175663214,-0.368824140785629,1.25258263645396,1.73802369323094,3.66365888977851,1.74281147323334,0.388954974602565,0.559986295763274,0.654660345691264,1.23588345834545,0.773771906818551,1,-8065.41968208163
0,-0.00484064076511098,-0.0950574942647334,-0.104323550164333,-0.0342877416436909,-0.0793742227090058,-0.0861449617904533,-0.148673128748947,-0.0409764939042904,-0.0973074098278604,-0.0452076990305168,-0.131387841222234,-0.226548808731311,-0.0692963365141258,-0.221535020046302,-0.997604622288356,-1.22644976870161,-1.00157268490605,-1.14424618723967,-0.0124103009686403,-0.0886605615470258,-0.00990503064769009,-0.0561008588923652,2.95416984641222,-1.03092420741507,2.44496078184342,1.49342559676867,1.32746299276239,0.320944926335882,1.20178827044224,1.9540502429438,0.548845531266169,-0.37149246186965,1.25669025847278,1.74039361619222,3.66461011600883,1.74443827836458,0.389701730686462,0.555423614503321,0.642503270343456,1.23791542205026,0.781311728766084,1,-8063.92567956728
0,-0.00542966064099011,-0.0972125011935393,-0.102994749939732,-0.0346210537669174,-0.0817352155682686,-0.0878331577973365,-0.146161258958565,-0.0414584968689386,-0.103246545968302,-0.0445173006759846,-0.132754029905483,-0.231332883208889,-0.070351034612391,-0.22579376337294,-0.994618267272544,-1.21800484383274,-1.00213025140536,-1.13788799929517,-0.00995664597403431,-0.0896042945496877,-0.0102700231797909,-0.058908215618898,2.95493744344932,-1.025208564435,2.44655180967102,1.49329720617958,1.32688275864919,0.324010304098112,1.2007844867748,1.95719107869548,0.545524187216259,-0.374578896302854,1.26170197377579,1.74312029827243,3.66577690693935,1.74643082728801,0.390929712770534,0.551974745377311,0.630228686963031,1.24044517236571,0.79086145618435,1,-8062.37954799754
0,-0.008206977814344,-0.0916222489248292,-0.114932218750818,-0.033498646721284,-0.0939735691813363,-0.0879694502944212,-0.156487834541896,-0.040298840957232,-0.118987159762021,-0.0420095581447284,-0.115670250951164,-0.24302117844112,-0.0661107154760398,-0.248322659656652,-0.98311470128286,-1.18797812929557,-1.01088980353858,-1.1140147392075,-0.0187810176227372,-0.0846756821623267,-0.00972844615611156,-0.0605896992955057,2.95816613808098,-1.00042985739378,2.45342607445591,1.49242313383598,1.32444918432781,0.336891801447181,1.19647495705874,1.9714905966316,0.532196754600242,-0.387343136550674,1.2833155909407,1.75433793924025,3.67083411358265,1.75518768735187,0.397565198262159,0.543725815930867,0.591601844457865,1.25230876647984,0.830138005833469,1,-8062.15397640373
0,-0.00937691873631304,-0.0864888695022839,-0.114930608237854,-0.0342923248909377,-0.0971656383554059,-0.0836915900314536,-0.160934188548169,-0.0410523187683311,-0.121992586449813,-0.0431846170590708,-0.110163299895298,-0.246331562873891,-0.068672825486828,-0.257379213175349,-0.978794296033704,-1.17796487683049,-1.01497059283197,-1.10544361803992,-0.0225949093284986,-0.0903659145838374,-0.0102753373328936,-0.0600322460486165,2.95939491371979,-0.990759157385304,2.45610080550167,1.49205885882882,1.32333518574367,0.341808588009476,1.19479896729298,1.97729118022217,0.527333227943297,-0.392059663335524,1.29171834970072,1.75860120364341,3.67280557938122,1.75859084940433,0.400370799206257,0.542872951500612,0.579172144990329,1.25695748744562,0.844547083404794,1,-8060.91065157977
0,-0.00994696383179795,-0.0837387228705595,-0.113730785532826,-0.0341664465241596,-0.0918613743394855,-0.0787287842638076,-0.157598955052405,-0.0408285747011603,-0.112346986308628,-0.0426889214116988,-0.103033478756485,-0.244685659025401,-0.0677515417281409,-0.269009025468681,-0.971604090278036,-1.16949860105183,-1.02353631873276,-1.09550674484028,-0.0150405544309583,-0.0887992556368756,-0.0101418347167973,-0.0593530270127968,2.96128789679064,-0.975076410648002,2.4603667528857,1.49161799733414,1.321496011647,0.349291282849189,1.19204666981234,1.987065141353,0.520333930424206,-0.398995071952876,1.30520045121427,1.76537278442634,3.67598292799239,1.76407569290934,0.405538885643405,0.545101371307599,0.572704120044535,1.2641650266785,0.86165288374537,1,-8060.06823537411
0,-0.0107828686775368,-0.082097166230952,-0.100526370579051,-0.0334304882431269,-0.0932479990683909,-0.0769521901945781,-0.140236701177112,-0.0392433356529737,-0.115519619747384,-0.041971411776275,-0.102467123345294,-0.200162002169144,-0.0626826020797718,-0.254315711813825,-0.930987607933159,-1.14677157539749,-1.06869730472291,-1.05095852991722,-0.0187268265843989,-0.0835574733801678,-0.00933755720514029,-0.0587038950532007,2.97148441060006,-0.88549633512799,2.48429927196683,1.48834940691738,1.31046107308334,0.390335928670696,1.17671565750066,2.04388055737915,0.484513076073167,-0.434448916900837,1.38133019489146,1.80214610625164,3.69400155328219,1.79451858811282,0.436758590857271,0.568945678767226,0.584642702879804,1.3046189855767,0.926740750739855,1,-8057.43790072957
0,-0.00890929553092693,-0.0823900135646118,-0.107526043522963,-0.0337982487902215,-0.0761449079751105,-0.0761900439388817,-0.14844644535199,-0.0391793429481009,-0.093336891744798,-0.0403454737355716,-0.104854814278128,-0.228826038107489,-0.0627752351626901,-0.194679611721827,-0.862252557334244,-1.11815949940565,-1.09662841549809,-0.984612584067904,-0.0201053275357873,-0.0888365616922366,-0.0110669427426334,-0.059269897634548,2.98713760013886,-0.7291279411032,2.52458614690304,1.4823604520346,1.29061746908498,0.46080478181107,1.15061722945497,2.13952353707694,0.426743460769938,-0.490236432559206,1.51142126680357,1.86065664150943,3.72499391622421,1.8469323575714,0.483588750987979,0.567117220750251,0.629791338408672,1.37319054522833,0.982368066910488,1,-8052.55281930947
0,-0.0105098038583734,-0.0799463871524962,-0.106671611187859,-0.0343831398877059,-0.0753745314180653,-0.0736648943634333,-0.147534657611607,-0.0399623810346582,-0.0934977541284488,-0.0395355676346023,-0.0997873054403164,-0.224394596213647,-0.0653610298987539,-0.191364661778265,-0.843857947520569,-1.11303884483621,-1.08895771340498,-0.968266163997963,-0.0187695124392537,-0.089155195044495,-0.0124058140184332,-0.0616481899272373,2.99102957792762,-0.683396532284629,2.53575077404976,1.48049141881942,1.28496272749184,0.480587038369691,1.14291116559674,2.166488894239,0.412199891922059,-0.503980474318914,1.54835283497228,1.87613718028612,3.7338623635224,1.86197031007312,0.493322110084083,0.554639310555021,0.64327134910442,1.39257968931356,0.983549563553967,1,-8050.09094215171
0,-0.0152681379751705,-0.0801695473735605,-0.10576105510052,-0.0336782284883493,-0.0779336590838717,-0.0735192079573168,-0.145889535900393,-0.038749706875303,-0.0966671755456226,-0.0386506648080237,-0.10179115314437,-0.225194454937067,-0.0635201541816156,-0.204701059107682,-0.803490000329967,-1.10432208441135,-1.0617573874082,-0.9349530531501,-0.0206653644686398,-0.0894104196518988,-0.0137424596846315,-0.0616909873842078,2.9991839923303,-0.577666105413214,2.56090138775044,1.47596522434455,1.2719288225774,0.524861615388721,1.1250164605282,2.23037416503769,0.38269747989753,-0.532302716432762,1.63235227738659,1.91073924723249,3.7541495422156,1.89707106528923,0.511283673099972,0.559298668853083,0.672468419859476,1.43689249492836,0.976517209964181,1,-8044.57873518471
0,0.0685459077940754,-0.0788160622067597,-0.106742067108969,-0.0343970447247328,-0.0795620220086516,-0.0726604799774333,-0.148291969663775,-0.0398583090690716,-0.102575653145744,-0.0358095354399896,-0.100808594536165,-0.225614501439227,-0.066233655408387,-0.206743107424564,-0.762729960567997,-1.16881022766028,-1.0707680677925,-1.03170068143922,-0.0209058210326911,-0.0885099152186437,-0.0180980668947682,-0.060615755921642,2.99566412254795,-0.169115256959737,2.62924817629234,1.4524046497365,1.23124482792004,0.651707043652683,1.06109080922586,2.45537267286676,0.400747467769409,-0.513501030864841,1.89490213687778,1.9871149209221,3.82543538477121,2.02683781582217,0.40104758208932,0.543375780993282,0.630104802526093,1.57247263131259,0.978954039396607,1,-8043.34089162157
0,-0.0136409307408652,-0.0793894892200426,-0.108640158305037,-0.0354257695359303,-0.0768028377802535,-0.0741164958510221,-0.153667494273352,-0.0425035541815596,-0.105355269005391,-0.032669147097303,-0.103587034616498,-0.229759817709181,-0.0705267964912743,-0.19613172456092,-0.734653284784965,-1.24465338182228,-1.10661420468741,-1.16521934005242,-0.0165290038362119,-0.0833615395340146,-0.0190426292903194,-0.0542122080520104,2.98778918733915,0.30892078782302,2.70656826729323,1.42391072721316,1.18571945574204,0.796023477078333,0.987358260972633,2.7105954574974,0.438366301433902,-0.476370856042202,2.1942353945396,2.07102196216475,3.90881442609111,2.17821171000827,0.280822357699883,0.521215364051061,0.566905193469927,1.7155004764682,0.974040103259899,1,-8040.841027676
0,-0.0188978838716343,-0.0834853423138697,-0.110247723884527,-0.0374734192422129,-0.0800565154083739,-0.0793651882177888,-0.155967423235143,-0.0462522838254467,-0.113865278463774,-0.0323658034120471,-0.108750730967087,-0.235639216975764,-0.0764678114724893,-0.207775958967542,-0.824890534941475,-1.22374285439017,-1.23545127285747,-1.3262704586874,-0.0107116601686069,-0.0809440603246078,-0.0179091739016078,-0.0495166869712702,2.96578910069189,0.814543823054572,2.77906245357841,1.39163407083571,1.16202417488681,0.944981107307396,0.923899024353609,2.88427407225961,0.522969013834383,-0.394708350413027,2.475977034845,2.1586135322178,3.99947297793808,2.33558257131579,0.44808368519512,0.495901350956185,0.465422114078959,1.77681837899316,0.831755410407784,1,-8039.20215070193
0,-0.0188939013362418,-0.0862746273722162,-0.109842695812262,-0.0383841608012276,-0.0812564872594377,-0.0825463136204484,-0.154232641361064,-0.04665839849282,-0.115012539824007,-0.0344630826706281,-0.110626092556149,-0.235867555578272,-0.0778964469752472,-0.21419233225772,-0.927270257040173,-1.16257777801925,-1.27251454267822,-1.32738668128175,-0.0102430998710318,-0.082969619947782,-0.0210960439044824,-0.0504481071490022,2.93735320474207,1.04741313068664,2.80390427356521,1.3784642988586,1.18499113216188,1.04116803042176,0.919769028840764,2.84592749162569,0.554380867173205,-0.373151227507049,2.5564272695588,2.24823674574674,4.04409297268753,2.41290471860055,0.411326184409259,0.494405025462952,0.492210731607614,1.70026476655505,0.800631499210318,1,-8033.80418787415
0,-0.0215745840097695,-0.0889647858797724,-0.113846674480357,-0.0384367798742296,-0.0807270848934429,-0.0855539438676974,-0.157545550013098,-0.0445698821149049,-0.112193249292194,-0.0397983377560157,-0.109519067722008,-0.234490659346327,-0.0762488403013632,-0.20678775298256,-1.10898193007032,-1.25895992937133,-1.20252172300876,-1.30326833798138,-0.00830754507142553,-0.0832665463090202,-0.02802729839153,-0.0516395389093106,2.87268197160424,1.51182612277913,2.85210870811726,1.35452354074808,1.24216008553425,1.2296174691761,0.926830043898197,2.70034679793083,0.643146958257487,-0.328630344429015,2.68510350428214,2.40558713854305,4.13851459104574,2.56639809459564,0.464003733376418,0.502658515187993,0.493569611836579,1.49793413547249,0.880865844070508,1,-8029.33009691839
0,-0.0200705763076547,-0.0890911012621348,-0.116219062767951,-0.0392513562488911,-0.0813722250015406,-0.0860580237346753,-0.15982155543119,-0.0453710217901726,-0.112089934480543,-0.041534470263624,-0.109338687164554,-0.237144941315121,-0.0777404860024258,-0.210517145174821,-1.05617565510628,-1.31596491492456,-1.23996295338608,-1.21843421039105,-0.00991758366775982,-0.0820013848381918,-0.0286458526134219,-0.0529970145501086,2.84811007412197,1.6665467271581,2.86990362717824,1.34847035631155,1.2677880985662,1.27381525948573,0.941660603565765,2.62003306775559,0.717997651066647,-0.308363782258187,2.6872086018301,2.40669202481887,4.17778156124206,2.620819239638,0.459114259063158,0.503242012843136,0.471268482434001,1.43514758414109,0.849161438152373,1,-8026.24334644761
0,-0.0204299753495233,-0.0869065570694783,-0.114472435045728,-0.0391391736577637,-0.0804295999581944,-0.0842001941324082,-0.157221934280364,-0.0451983569537177,-0.111022004359407,-0.0426643501062485,-0.106948005031574,-0.234246547437572,-0.0774187135092591,-0.208653245394064,-0.945679124233987,-1.2765211108302,-1.22080295716873,-1.22084520346718,-0.0113805600181736,-0.0809757290375224,-0.0283771932824578,-0.0516432930201541,2.82826350979347,1.81947846267062,2.88848775841642,1.34283558348013,1.29929876639149,1.29667222698923,0.963922926007899,2.5227721508078,0.82605030887594,-0.284726820546431,2.6492637099738,2.35416739574479,4.2246816667611,2.67017959806693,0.472249993284859,0.509839395283662,0.497429684988467,1.40079655831904,0.873991802180956,1,-8022.20513564049
0,-0.0334738770270923,-0.084171039785955,-0.109202352031632,-0.0393552141123443,-0.0779805522345252,-0.0795097449990104,-0.142574621236087,-0.0433376445409631,-0.105048002286804,-0.0360395401629588,-0.105996640735974,-0.230576835919442,-0.0771155685182599,-0.198227400801195,-0.938314063878724,-1.26591287064102,-1.1954927494958,-1.2048061193497,-0.0126287052301811,-0.0790268349815277,-0.0319796109967886,-0.0545933654644494,2.84229274787596,2.12589775574742,2.97208122694099,1.32437995609631,1.38929277788359,1.35517529346264,1.07118135667722,2.18632876563976,0.868785695356375,-0.407197889696267,2.32824908441537,2.18114701512313,4.37865165380467,2.6649269034517,0.482479410330569,0.540729857914599,0.513001964148097,1.72687811387264,0.874334292146741,1,-8012.26921601516
0,-0.0341443316664404,-0.0844551400670731,-0.103692745754019,-0.0392311720969846,-0.0722369784526023,-0.0811039240178403,-0.134180677030228,-0.0443669376038247,-0.100440948008312,-0.0352317294728464,-0.108307446791379,-0.226497418624605,-0.079633317383929,-0.193341671049979,-1.01857079553087,-1.22208484567778,-1.12200986273935,-0.995394979030738,-0.00611296555442044,-0.0695516877419492,-0.0288005167709078,-0.0510376065759201,2.97293403045858,2.38428820801421,3.15175384728405,1.29692664846576,1.40513445919176,1.29912809737885,1.15598633026752,2.24029836852335,0.861587486945501,-0.244089485855612,1.74566837951374,1.95452479791177,4.58807493124407,2.35317761049931,0.503440423009794,0.551974774458373,0.608428507326477,1.86997636399342,0.937532619836888,1,-8001.3170685575
0,-0.0319884484869922,-0.0801409330411307,-0.104393134863796,-0.042620388012935,-0.0776736749813378,-0.0744929124406471,-0.120168601716297,-0.0440163104498872,-0.104394882576848,-0.0441800458512016,-0.100349693461991,-0.227795481950393,-0.0876053529893284,-0.222794460455384,-0.663672547516825,-1.24069967835446,-1.07014827196653,-1.12027456393502,-0.0205252584466145,-0.0619292897911273,-0.0408074023468069,-0.0462770443609545,3.39524413670642,2.80680209498619,3.64499379077866,1.28026559501102,1.44876296697344,1.36870439762306,1.35185835609268,2.29496484300503,0.256008790308161,-0.189125760432382,0.204918973078303,1.88536519064492,5.07895179085067,1.39470284149479,0.54905969373008,0.588703093810583,0.630299834069237,1.71805760552272,0.892876279863391,1,-7995.03871389043
0,-0.0247936781116521,-0.0838147293800762,-0.106138440338504,-0.0437882329737201,-0.0788986814884589,-0.0783716961054237,-0.121635995961078,-0.0455929572636999,-0.108612022808856,-0.0483878585197022,-0.104138271692693,-0.228473870128184,-0.0916669869186614,-0.232675160571642,-0.709721158241444,-1.25192670436536,-1.066172337081,-1.14375124168661,-0.0215535412963261,-0.061416067875852,-0.0421698743918611,-0.0461075158351852,3.5287016104752,2.65242570274835,3.76382692925881,1.29462071039742,1.41466789937786,1.40281365562068,1.36247449236611,2.43124585097895,0.382633928994434,-0.489494064837391,0.0550736400726416,1.80370160235301,5.09076974638344,1.48677349749459,0.542907861507612,0.577697142880287,0.632719248189466,1.58503971603183,0.879186519921695,1,-7991.26521406063
0,-0.0237008666868361,-0.083590655362605,-0.106526910045971,-0.0439188809283606,-0.0795453644515732,-0.0779982896745141,-0.122089607513439,-0.0460095374340008,-0.110190499780474,-0.0475686996699916,-0.103762916172713,-0.230238246275305,-0.0925205015324697,-0.233751978643119,-0.702455886447817,-1.2507593345888,-1.05383251816865,-1.14387683419896,-0.0214082421658758,-0.0616179601683934,-0.043301692621007,-0.0477318783872907,3.62697106212128,2.40573216257068,3.84199750939766,1.3173781693312,1.40643973860363,1.41904135331249,1.3790245164706,2.41309120825946,0.506104518829664,-0.443434004490113,0.110703967527854,1.96247525643179,5.02224331483036,1.64600348854346,0.54319414602222,0.570579837542252,0.638226064812165,1.63348751793672,0.880210747796247,1,-7987.81999679555
0,-0.0217337228619258,-0.0844238149531977,-0.107098047729558,-0.0440506965748153,-0.0809791939689959,-0.0787016643155363,-0.121920731074213,-0.0468028575180688,-0.110394502483818,-0.048255221536279,-0.104707361276977,-0.231105133241082,-0.0934199249036638,-0.236703409285463,-0.726008338473748,-1.24977273935762,-1.05250964314385,-1.14880885783735,-0.0230447096477404,-0.0638286739875012,-0.0425057981767971,-0.0502993636460689,3.70242150796229,2.18549589015377,3.91261198293055,1.35397568236377,1.44681576804933,1.27908400823703,1.4054975760218,2.32340860563665,0.433993946976494,-0.361345656086614,0.380844648090165,1.91071559838574,4.8775651251211,1.86099704004676,0.519097836245073,0.571349257545891,0.642025312173608,1.60520625628846,0.87662663924196,1,-7984.30571822573
0,-0.0215778661992879,-0.0849356564936308,-0.107915213329731,-0.0441747054828202,-0.0815851174389339,-0.0789901904524441,-0.122610202428912,-0.0474956426261125,-0.111234146243938,-0.0480367642038534,-0.105621611292835,-0.233396436737199,-0.0942298843817281,-0.238920539627379,-0.737198390742879,-1.24498469159839,-1.05336722226169,-1.14292859596881,-0.0233947629395994,-0.0655677350142125,-0.0411051425094479,-0.0510019064391514,3.62747517421789,2.13756414691845,3.89484983533254,1.36940801731097,1.4828021525839,1.16683682386781,1.38681235002798,2.283429163733,0.500615145930022,-0.404573720042185,0.55424873654443,1.95530367142752,4.75431731571213,1.80861139258071,0.511337465619818,0.568024574285427,0.646759487488579,1.61013594954447,0.876576391114102,1,-7982.49526187209
0,-0.0208973010377524,-0.0842739710307536,-0.104909718164973,-0.0441076084522646,-0.0784736413856212,-0.0789298395159796,-0.125590484320241,-0.0469727875368932,-0.111649175897283,-0.0458377358829705,-0.10730187257786,-0.229472587160754,-0.0944830381585179,-0.235143404303901,-0.776652169013593,-1.19262957618354,-1.05705722972483,-1.07983918705106,-0.0198151208469026,-0.0639594753852243,-0.0436827950111565,-0.0478971525535491,2.88344210862593,1.93158265864247,3.45873427747172,1.39368124180326,1.36946226822373,1.52995348363076,1.20250438598568,2.24420894168299,0.603421914556803,-0.342989040212455,0.991460296236658,1.84212129159224,3.96501346105805,1.89791079598305,0.520243681311877,0.563989841127689,0.672941469356674,1.64745006578852,0.884791526147609,1,-7976.99342036135
0,-0.0223813846149808,-0.0847051385818674,-0.105949977296893,-0.0439231466999793,-0.0808150358692926,-0.078911554649144,-0.129538322757999,-0.0487986879501682,-0.112610096492672,-0.0446950905002577,-0.107683212742644,-0.230823582372034,-0.0955320495461318,-0.238278476444804,-0.792960899292123,-1.17586852884193,-1.05976062906075,-1.05477287860783,-0.0199080790470016,-0.0665782831707965,-0.0413643863899337,-0.0586220290416311,2.8389690070192,2.07730080440507,2.94927733126292,1.40106782560882,1.25361087463034,1.28608617785819,1.48924781626117,2.33453158776968,0.609231791200905,-0.363947593251552,0.924690904153754,2.01403113783868,3.53718109550004,2.21941737874019,0.556082422202011,0.545914410939371,0.686227946503417,1.65932333748785,0.887216604976648,1,-7976.14076226765
0,-0.020928894395729,-0.0848237243984639,-0.106345285074657,-0.0440150181409306,-0.0800839146115704,-0.0794126695890587,-0.13012947471022,-0.048996073545983,-0.112925296953787,-0.044408582236959,-0.10789228272943,-0.232116928472347,-0.0958400172789249,-0.23739658012391,-0.809545099875689,-1.17344879487824,-1.06324736886415,-1.04898114108033,-0.0192779328090194,-0.0669254765393399,-0.0411347686956399,-0.0558420033339595,3.10305114657115,2.13098385178103,2.95798654594166,1.36203502829969,1.2357905880839,1.26205542929449,1.32231822548402,2.23764333236119,0.661092425932803,-0.355466748522059,0.914108035535233,2.00681037629603,3.33978445374864,2.21553011721837,0.55788575582402,0.547483318463091,0.689113203654282,1.65636623799383,0.886018056733856,1,-7975.07861927514
0,-0.0200269888882711,-0.0846745939701112,-0.107859699012503,-0.0439898484924867,-0.0786306072252461,-0.0798100188865459,-0.128475840096189,-0.0498537821848782,-0.113756472354538,-0.0436127522323445,-0.107441204978878,-0.233908978311452,-0.0964451298405194,-0.234347341164884,-0.82048443884154,-1.17627322664464,-1.06195030530068,-1.04894629609032,-0.0176531335026327,-0.0734849083084108,-0.0397339312042157,-0.0521407584281292,3.13515734260073,2.1236657954905,3.22654720977605,1.28103501180855,1.55144380248749,1.15007831364364,1.06845403157892,2.2267687797472,0.672405796056632,-0.341217820900559,0.787088491111502,2.03380320641283,3.07451434094646,2.31970716476838,0.584008251032363,0.54406301450255,0.692305533719306,1.67310059204135,0.884192670771321,1,-7974.66217199679
0,-0.0193048384111793,-0.0846044616163273,-0.107374193804336,-0.0440568902359227,-0.0795630154638525,-0.0801356716805253,-0.128340733489693,-0.0498191217150208,-0.113030745371676,-0.0437533103739123,-0.10731856678427,-0.233122466038909,-0.0965558567753383,-0.235519725319455,-0.826176360242156,-1.17303664102764,-1.06189369327893,-1.05945345988738,-0.0166274243837729,-0.0710525249329375,-0.0397699116443338,-0.0539234171838816,3.08988400122572,2.06583970133064,3.3940258654101,1.23370474924167,1.47732418358153,1.16383271358505,1.19011936234725,2.18402441578935,0.69573533691632,-0.339235769525818,0.834108855708209,2.00319850783771,2.95375906106006,2.25245603952134,0.59114170855743,0.547830036633089,0.692343696824242,1.66975706234715,0.88287759775437,1,-7974.04446763004
0,-0.0194447047663212,-0.0846244849775852,-0.106389675936213,-0.0442327396749662,-0.0790106714537079,-0.0799492618505706,-0.126025964762818,-0.0490850875340971,-0.111577510245968,-0.0448893494221797,-0.106992927352731,-0.231422909418226,-0.0964127584753686,-0.234679768676701,-0.824963003741184,-1.17736781668109,-1.05960375592572,-1.06634873178516,-0.0166058753547162,-0.0670756408200755,-0.0409265313555496,-0.0511588680487333,3.08568902277952,1.87602633605254,2.96259462724942,1.30215277140122,1.45611573594445,1.29135329990007,1.23522688251383,2.13014308311755,0.717563173805733,-0.347348063858013,1.01559448092959,1.89412814841534,2.76560941131638,2.02418211649635,0.622797234281079,0.560637102429865,0.691542149364439,1.66257977938669,0.881437278826542,1,-7973.591585857
0,-0.0191360914726141,-0.0847844978260998,-0.106270875381326,-0.0442440648598855,-0.0791340421418364,-0.0798348750544952,-0.126560970985653,-0.0490980438970141,-0.1116402770264,-0.0450546695440625,-0.107018090035793,-0.231219169987566,-0.0963827861285145,-0.234781451729521,-0.82637620950335,-1.17563929796095,-1.06017642259621,-1.06706967061273,-0.0173618203342823,-0.0658739883574547,-0.0407447818112554,-0.0510885140167633,3.05315618589469,1.90076095717941,2.99986955114085,1.32160977168607,1.36391034536292,1.25094822308206,1.19718999281761,2.11105761420582,0.704432763450588,-0.349848008639603,0.972635849925817,1.90612870879854,2.78597250320984,2.04189267684236,0.628614130955963,0.56077420900645,0.691275760320307,1.65559825409887,0.881876426578263,1,-7973.3953147833
0,-0.0186451161516794,-0.084338667730587,-0.106893016148438,-0.0440857084193554,-0.080548474432072,-0.0806308703018171,-0.128675830416682,-0.0491748464094252,-0.111886722743945,-0.0449510254922262,-0.107001027723206,-0.231255590170621,-0.0961165675855414,-0.236907849511812,-0.819008326385763,-1.17035300911192,-1.06546475484789,-1.06917174524007,-0.0137305400175987,-0.0675556095276723,-0.0399478636201704,-0.0548186251960564,3.06211755387397,2.06396676948409,3.2449599252278,1.07182279649044,1.36285417238013,1.22616794136104,1.31843596324681,2.14989338584192,0.676710221207049,-0.340490395192022,0.761459695242921,1.93627740500115,2.7212417900283,2.10037313145981,0.666131771927374,0.556529985453149,0.68760966699678,1.63151607116892,0.883689264262694,1,-7973.13089058856
0,-0.0190985182809816,-0.0842468074627288,-0.105988555163527,-0.0439406059311713,-0.0792031009370945,-0.0794181948437915,-0.126863596680807,-0.0490594696761707,-0.111094894467187,-0.0446135781716848,-0.106170677773012,-0.229698889872553,-0.0957569417755775,-0.233707046757056,-0.818604055078563,-1.16456613341572,-1.05900871827376,-1.05727173450361,-0.0165372697829618,-0.0655582618513327,-0.0396057632680648,-0.0523644406047283,2.92655098838544,1.96734547888562,3.0715715262939,1.2251830901751,1.27829138483048,1.15428775493407,1.17480220268176,2.11520691669692,0.655153633127951,-0.345251680325817,0.79481785109638,1.94590374393765,2.50247890275196,2.13232956680023,0.688104811236581,0.560485885474177,0.692157053453479,1.65310206213358,0.888570628736749,1,-7972.94134335352
0,-0.0189285297937939,-0.0841007741712538,-0.10579633255231,-0.0438640473718073,-0.0789268927867805,-0.0793029013172048,-0.126103261570371,-0.0487883727614663,-0.110704481635392,-0.0448125453437794,-0.105986561312841,-0.228931681352407,-0.0953748047927407,-0.233112515863397,-0.818082936865912,-1.1653447409888,-1.05758655178223,-1.05934858473119,-0.0162502414729585,-0.0653961033445614,-0.039630236354907,-0.0514332044389632,2.96564710927883,1.93388231649621,2.97431715181116,1.23520464213046,1.32128463121157,1.1884483645351,1.18490286471803,2.10712353468335,0.658292203428474,-0.34252136495837,0.829454917940802,1.91225002065393,2.63766741294023,2.07376240505057,0.696179429153117,0.564412541048503,0.690867814566356,1.65368541938551,0.888858064325432,1,-7972.8736818226
0,-0.0189685359235113,-0.0838250372342194,-0.105740422020162,-0.0437828302756825,-0.0788752826145451,-0.0792876757352484,-0.126104727657098,-0.0486938048423867,-0.110496053331967,-0.0446788630440163,-0.105718339298392,-0.22849278158653,-0.0951482746036172,-0.232755266381184,-0.813768740307176,-1.16400365270083,-1.05667388557097,-1.05617789978437,-0.0154542381868394,-0.0656327299200155,-0.039481241550422,-0.051741635134091,2.95538703209163,1.93910123779833,2.98524097417287,1.18262023504116,1.33007033773521,1.18995551467974,1.19844964192982,2.10895608861822,0.654517054279755,-0.341604898284733,0.812332015414408,1.91095009943943,2.55187109124819,2.0741869083191,0.706602588221531,0.565342137287007,0.692123931401025,1.6561345433484,0.890526056831376,1,-7972.84815923087
0,-0.0189424976814436,-0.0836842249745378,-0.105529253954065,-0.043696565113239,-0.0787007883027309,-0.079069239606001,-0.125740618638193,-0.0486087812317901,-0.110199523306184,-0.0444902608859869,-0.10551548165773,-0.227942443204911,-0.0949340509542498,-0.232201629195548,-0.812944941495411,-1.16189089861158,-1.05544464261783,-1.05462322942121,-0.0154706947412689,-0.0655335376911622,-0.0393049134686912,-0.0516690840060383,2.94307666846443,1.93740525927385,2.9788061376538,1.19217613656104,1.33381445581664,1.18744190075376,1.19965113844999,2.10604429751,0.652340826382668,-0.340206019739204,0.801400955370754,1.90657616883455,2.5356366226771,2.07235729321412,0.713627862085138,0.566683698703178,0.692997806068335,1.66183489792676,0.89200366894473,1,-7972.84486464256
0,-0.0189206240020082,-0.0836370759368046,-0.10550857653097,-0.0436834025434364,-0.0786506892889271,-0.0790789440689258,-0.125742063967379,-0.0485858657157112,-0.110166690200311,-0.044501910420889,-0.105436390931982,-0.227825904853633,-0.0948711444728122,-0.232030372043947,-0.812201283333208,-1.16192338645309,-1.05522105115163,-1.05427008006886,-0.0153523085638278,-0.0654715256780767,-0.0392709328402325,-0.0515708105953722,2.9412237344589,1.93142463115936,2.97067524940345,1.17969095570769,1.32918648271008,1.18400827106099,1.19347567271996,2.10464787164935,0.650105274914996,-0.340767757263269,0.806133436486646,1.90697050737167,2.53195966859161,2.07198373780985,0.714217527158399,0.567075732855638,0.693411785008084,1.66200950511962,0.892199861938358,1,-7972.84445957623
0,-0.0189101963354266,-0.0836437423305114,-0.105503766447574,-0.0436814610983525,-0.0786519335558199,-0.0790569531039487,-0.125745534878588,-0.0485828935073888,-0.110159739290391,-0.0444958344816908,-0.105450497498639,-0.227813636933477,-0.0948681361232733,-0.232035503837851,-0.812330256079569,-1.1619283990418,-1.05517364289591,-1.05427080281511,-0.0154102579209234,-0.0654786943084281,-0.0392750727483336,-0.0515883244378928,2.94294967920157,1.93279184416788,2.97295419609928,1.18549222910009,1.33050047520417,1.1856001459546,1.19556179031119,2.10403376101537,0.651139287307901,-0.340597933161628,0.805228942348563,1.90589468426904,2.53429783665477,2.07055791852604,0.713665476305246,0.567146317728091,0.693431774713255,1.66230808801912,0.892252674105493,1,-7972.84434525581
0,-1,-1,-1,-1,-1,-1,-1,-1,-1,-1,-1,-1,-1,-1,-1,-1,-1,-1,-1,-1,-1,-1,1,1,1,1,1,1,1,1,1,-1,1,1,1,1,1,1,1,1,1,1,-7972.84434525581
0,-1,-1,-1,-1,-1,-1,-1,-1,-1,-1,-1,-1,-1,-1,-1,-1,-1,-1,-1,-1,-1,-1,1,1,1,1,1,1,1,1,1,-1,1,1,1,1,1,1,1,1,1,1,-7972.84434525581
0,-0.999999957217369,-0.999997267732397,-1.00000264088158,-0.9999958492117,-1.0000030832598,-1.00000407133484,-0.99999618565198,-1.00000290805474,-0.999996246770024,-0.999998452840373,-0.999999460123945,-1.00000118947355,-1.00000095402356,-1.00000029540388,-1.00000010448275,-1.00000010244548,-1.00000122265192,-1.00000699714292,-0.999999553838279,-1.00000131432898,-0.999994305253495,-1.00000202679075,0.999992914963514,1.00000186235411,0.999999419960659,1.00000049854862,1.00000037369318,1.00000115949661,0.999998254352249,1.00000458210707,0.999999800638761,-1.00000023166649,0.999998900748324,1.00000359577825,1.00000121857738,1.00000092666596,0.99999300314812,1.00002184737241,1.00000248110155,1.00000282103429,1.00000114494469,1,-7972.84434325534
