"asc_b","b_tt_pt_business","b_tt_pt_commuters","b_tt_pt_leisure","b_tt_pt_shopping","b_tt_car_business","b_tt_car_commuters","b_tt_car_leisure","b_tt_car_shopping","b_dc","b_tc_business","b_tc_commuters","b_tc_leisure","b_tc_shopping","b_ic_business","b_ic_commuters","b_ic_leisure","b_ic_shopping","b_hw_business","b_hw_commuters","b_hw_leisure","b_hw_shopping","b_bus_commuters","b_bus_leisure","b_bus_shopping","b_rail_business","b_rail_commuters","b_rail_leisure","b_rail_shopping","b_car_inertia","b_car_available","b_car_male","b_bus_disc","b_rail_disc","b_bus_ga","b_rail_ga","mu_mc_car_bus","mu_mc_car_rail","mu_rc_bus","mu_rc_car","mu_rc_rail_by_car","logLike"
0,-0.1086,-0.1353,-0.0571,-0.1066,-0.11,-0.1491,-0.0764,-0.1462,-0.0572,-0.1314,-0.292,-0.157,-0.3607,-1.0318,-1.4274,-1.1492,-1.2692,-0.0326,-0.0544,-0.035,-0.051,2.9428,-1.098,2.4257,1.4948,1.3332,0.2886,1.2117,1.9076,0.588,-0.3295,1.1958,1.6995,3.6511,1.7218,0.4082,0.5051,0.9878,1.2254,0.7688,-9233.61651081244
0,0,-0.1086,-0.1353,-0.0571,-0.1066,-0.11,-0.1491,-0.0764,-0.1462,-0.0572,-0.1314,-0.292,-0.157,-0.3607,-1.0318,-1.4274,-1.1492,-1.2692,-0.0326,-0.0544,-0.035,-0.051,2.9428,-1.098,2.4257,1.4948,1.3332,0.2886,1.2117,1.9076,0.588,-0.3295,1.1958,1.6995,3.6511,1.7218,0.4082,0.5051,0.9878,1.2254,0.7688,1,-9233.61651081244
0,-0.000698482627764773,-0.109761002799172,-0.135969803160394,-0.0726417188069508,-0.108707721980338,-0.10765136406742,-0.145978027887827,-0.0609937861565232,-0.144268044208265,-0.0554183642547125,-0.131555254196,-0.29192675666574,-0.152346329891759,-0.360448262106206,-1.03182532487763,-1.42758113399564,-1.14938981042326,-1.26931754521616,-0.032625324877631,-0.0545811339956377,-0.0351898104232625,-0.0511175452161602,2.942796075659,-1.09795437183413,2.42570659816492,1.49477133385203,1.33302279034536,0.288364561410872,1.21157585661892,1.9080084652655,0.588422350915623,-0.329173619075737,1.19583010607044,1.69918005002134,3.65110907855464,1.72175077369975,0.408143736576858,0.503758943667373,0.987712775307765,1.22539184172912,0.768740929950305,1,-9219.97120899156
0,-0.00359985267338037,-0.113928273049233,-0.138376879601064,-0.0563561800139725,-0.119337164249928,-0.0965330957371818,-0.12974892711489,-0.038511630671713,-0.134253464809706,-0.0514568315509525,-0.132721679036861,-0.291609314199828,-0.14336272190849,-0.359094456723377,-1.03194476990173,-1.42855294050687,-1.14955730873114,-1.2699447509822,-0.0327447699017305,-0.0555529405068679,-0.0353573087311412,-0.0517447509821953,2.94277625458944,-1.09767910329461,2.42574472237029,1.49463336926688,1.33207080490369,0.28792179456347,1.21091052664751,1.90961054202768,0.589997743613563,-0.327951967125113,1.19601187169532,1.69805156461789,3.65116531292552,1.7215306040296,0.407623772488406,0.4974533571681,0.987158050270225,1.22535150909873,0.768283825951481,1,-9163.38537016115
0,-0.00668993969413716,-0.101352440658813,-0.131025064275469,-0.050352648749802,-0.124712390101393,-0.0974036870847353,-0.116521009026371,-0.0335644477902449,-0.126643073640162,-0.0523588155242553,-0.136933093508749,-0.291989320087117,-0.124809778971072,-0.357668805337141,-1.03193554117932,-1.42961625267817,-1.1495781801596,-1.27059425136831,-0.0327355411793198,-0.0566162526781706,-0.035378180159604,-0.0523942513683122,2.9427665066603,-1.09730209512095,2.42581317048139,1.49461699169699,1.33101724066152,0.287523914961344,1.21019257815029,1.91129380687508,0.591497285689128,-0.326812779972159,1.19628012133881,1.69700556804698,3.65124279606545,1.72132256181365,0.406993508549289,0.490413176289588,0.986430488445719,1.22516904323308,0.767922705045343,1,-9133.90094602062
0,-0.0106787307687525,-0.103381527982598,-0.118418449399124,-0.0491330769312098,-0.124052832438236,-0.0867675255145264,-0.103476565586197,-0.0378107424014182,-0.12161370177139,-0.0538608556424553,-0.13774121157112,-0.291991550899857,-0.103418049152131,-0.356079842959817,-1.03207104062153,-1.43098792554743,-1.14953598192932,-1.27132198774004,-0.0328710406215306,-0.0579879255474277,-0.0353359819293201,-0.0531219877400393,2.94276150637434,-1.09676934298182,2.42592819904582,1.49444537384433,1.32965056807823,0.287033361052496,1.20934981321414,1.91358461256435,0.593466286893023,-0.325288255633288,1.19667593763071,1.69566324305699,3.6513527355139,1.72108118742954,0.406190613085045,0.482628068810363,0.985445943234017,1.22491651884824,0.767712731183656,1,-9116.58702426346
0,-0.0208977426366338,-0.0980803128242923,-0.102985182048264,-0.0455815443737396,-0.0971265847636458,-0.0820023855603905,-0.0803680887460984,-0.0321493199737557,-0.125967111859909,-0.0540181333454618,-0.134914425817868,-0.284254366151109,-0.103154213470709,-0.352614015438189,-1.03225473291792,-1.43485252041001,-1.14972658085348,-1.27285416444253,-0.0330547329179201,-0.0618525204100111,-0.0355265808534817,-0.0546541644425268,2.94275538876459,-1.09522496547329,2.42632932888186,1.49415401293395,1.3257920908254,0.28529838461981,1.20741650667561,1.92039817627865,0.598909537042037,-0.321139121178249,1.1978774748828,1.69222956790532,3.65167256877218,1.7206674109114,0.404261371124143,0.475672101601061,0.982905124105434,1.22476002044012,0.768065450219772,1,-9115.89828804047
0,-0.0340622481094434,-0.094757454038182,-0.0963844608172192,-0.0502160278760333,-0.0928871455384987,-0.0802600178218699,-0.0612335963801301,-0.0380446418569298,-0.11520679361875,-0.0532998272432129,-0.128174541892253,-0.2694737626248,-0.112580626106646,-0.345896138409591,-1.03247931738746,-1.43985949976311,-1.14990518775985,-1.27553988529005,-0.0332793173874607,-0.0668594997631102,-0.0357051877598533,-0.0573398852900511,2.94275672785743,-1.09315564258346,2.42681605869483,1.49378477243093,1.32078377237946,0.283050454823608,1.20424405601512,1.93013702120808,0.60653126290347,-0.315444406456327,1.19945479097035,1.68755606792146,3.65209944016599,1.72015075859048,0.401629569957909,0.473310474368557,0.980144510146196,1.22439224193201,0.768940665015676,1,-9109.96191524794
0,-0.0391723642832327,-0.0938397943883302,-0.0899246189677396,-0.0504589232885828,-0.0921363980205331,-0.0797647676983568,-0.0598840747630903,-0.037774772581594,-0.111024994564193,-0.0535940717118683,-0.125335477761806,-0.263435946346463,-0.115529311966498,-0.342740789492339,-1.03257424703293,-1.44184723419903,-1.14999053199889,-1.276701126427,-0.033374247032933,-0.0688472341990307,-0.0357905319988879,-0.0585011264269982,2.94276893588445,-1.09225778324838,2.42702774960852,1.49362714952067,1.31878382991652,0.282067251249493,1.20287112396449,1.93426924427171,0.609703329655906,-0.31311076786941,1.20014417826064,1.68560980577673,3.65228515849338,1.71995894071435,0.400511042415472,0.473069310268119,0.979007400275857,1.22414272676424,0.769348295275766,1,-9106.87342072839
0,-0.0581573935246135,-0.0905135210129999,-0.0877739339487302,-0.0488880890232273,-0.0839242259823492,-0.0778768643077984,-0.0632129129214434,-0.0367631760850079,-0.102643309107756,-0.0571299258691129,-0.115622003568578,-0.234351239693506,-0.11120864798902,-0.328192663151636,-1.03297202677747,-1.45040580692604,-1.15023360796305,-1.2814924851072,-0.0337720267774736,-0.0774058069260435,-0.0360336079630512,-0.0632924851071981,2.9428249167695,-1.0883370764061,2.42797547413098,1.49295635975716,1.31016927630446,0.277903468443045,1.19713204076183,1.95193040573219,0.623115799591017,-0.30329037774117,1.20317291993846,1.6773206741105,3.65310050718908,1.71920626663832,0.395563674754656,0.475534155643872,0.974481007246898,1.22258968925626,0.771302359215887,1,-9097.37844773127
0,-0.0663208397359654,-0.0865465231040063,-0.0852806375256486,-0.048346316490439,-0.0819085852077135,-0.0735173171773135,-0.0640318226392142,-0.0376522258388677,-0.103265983379328,-0.0480764242467323,-0.116474337278094,-0.226004577098636,-0.108875463525416,-0.315426953057799,-1.03328156208541,-1.45737394627821,-1.15011433460202,-1.28525599797048,-0.0340815620854135,-0.0843739462782067,-0.0359143346020157,-0.0670559979704762,2.94287823043074,-1.08509227103523,2.42879491044105,1.49242036980423,1.30314782329106,0.274777936433213,1.19254909158847,1.96638505398877,0.63371594645612,-0.295587075335885,1.205709921171,1.67088986143227,3.65378400567302,1.71877738414,0.391563132338698,0.486014771492128,0.97090497803271,1.2218599993822,0.773820839915709,1,-9092.39489260054
0,-0.0712706831808558,-0.087293780659771,-0.0824398793098277,-0.0474751898639714,-0.0815206886438442,-0.0744438224529683,-0.0608825754685857,-0.0368541871706949,-0.105663466551247,-0.052994390919821,-0.115232227274784,-0.225106904692175,-0.106397061029092,-0.297753093747939,-1.03366871666064,-1.46758232206463,-1.14950950275855,-1.29066443106794,-0.0344687166606442,-0.0945823220646301,-0.0353095027585484,-0.0724644310679376,2.94296675110227,-1.08030410407752,2.43004175916714,1.49169725579988,1.2928509268331,0.27059460131897,1.18589380976493,1.98722611798857,0.648668383494512,-0.284707223303812,1.20948902158059,1.66177517504901,3.65480203732658,1.71824653821748,0.385818999897653,0.501578611601894,0.965656890737469,1.22242634310023,0.778555551225191,1,-9086.38626677481
0,-0.0510838004861003,-0.0940923884979249,-0.0845491210914409,-0.0462552868201732,-0.0633043387482296,-0.0865464194844429,-0.0685191938078919,-0.0379921067901695,-0.086171308756691,-0.045306175174621,-0.111551515804831,-0.23846562377804,-0.103133519845343,-0.258520549953644,-1.03485340196584,-1.50376471358685,-1.14327644892951,-1.30992511902673,-0.0356534019658423,-0.130764713586847,-0.0290764489295073,-0.0917251190267274,2.94345249981758,-1.06258572248575,2.43493263254553,1.48925040996027,1.25618278659558,0.259109273556239,1.16174224842774,2.05773994328128,0.697139352052274,-0.249040072925797,1.22376557621878,1.63106792232548,3.6586433023142,1.71644011502864,0.366708709678032,0.495717796447738,0.945928825685683,1.22984875286477,0.801988287086325,1,-9073.49161425408
0,-0.0301986341752581,-0.0888152754619449,-0.0885313611726604,-0.0475209321422509,-0.0503853321150135,-0.077413623542916,-0.0790098457458604,-0.0394423822661076,-0.0724608925916785,-0.0525373931572489,-0.123133761781938,-0.247628262915758,-0.108823815668653,-0.226517526521134,-1.03600630696358,-1.53745348929215,-1.13670449136987,-1.32778565806273,-0.0368063069635806,-0.164453489292146,-0.0225044913698657,-0.109585658062726,2.94397926367978,-1.04590445043027,2.43963886309898,1.48690245620619,1.22196724702807,0.248999959060404,1.13917547883829,2.1229473300428,0.741408536630822,-0.216432509833414,1.23731666978224,1.60298162038682,3.66228716068142,1.71482198299746,0.349700617599631,0.483596107957601,0.927534219942172,1.23798599371687,0.824603749231876,1,-9062.6891537023
0,-0.0111794534465623,-0.088630454495089,-0.0861071901542598,-0.0483352394093871,-0.0681665458223382,-0.0800343486941714,-0.0837837371564101,-0.0416990816960607,-0.107302647414775,-0.0509455679313243,-0.121544364536277,-0.240531630081341,-0.113392208274589,-0.221545524193004,-1.03711154374839,-1.57915285793557,-1.12460889280877,-1.34895171359784,-0.0379115437483907,-0.206152857935572,-0.0104088928087698,-0.130751713597844,2.9451376847291,-1.02430775616635,2.44644446390158,1.48420643318639,1.17910945733533,0.239498863357578,1.11120382250057,2.20102552525235,0.790749939479731,-0.180388440464248,1.25562257463391,1.57206767834603,3.66720253889489,1.71337286555859,0.334642008193019,0.448773467977006,0.904486617717364,1.2538914694924,0.856092949563658,1,-9054.09528128454
0,-0.00270461889101077,-0.0887374349958889,-0.0844166853168615,-0.0475695813276057,-0.0770705584753384,-0.0814055690984734,-0.0913102204181906,-0.0427475297266506,-0.124563209444622,-0.0512059673038356,-0.125323996379,-0.237488039720283,-0.112378517019117,-0.281902511964652,-1.03824982096659,-1.63300460587886,-1.10595334435518,-1.37629232235276,-0.0390498209665923,-0.260004605878856,0.00824665564482182,-0.15809232235276,2.94722364080737,-0.995220114820982,2.45628450738509,1.48088262181911,1.12317175331377,0.229066770465804,1.07402317026215,2.30319989064409,0.851347746286439,-0.137181330934668,1.28103008974153,1.5361843899612,3.67403264542644,1.71265799910056,0.321650171520068,0.441537094309929,0.87234917459033,1.28151807637386,0.900803148353434,1,-9038.34818965457
0,-0.0191076711152798,-0.0876849572737815,-0.0876275728181395,-0.0477501379831459,-0.0777670588976907,-0.0808251628401148,-0.0959472147413137,-0.0431498381465041,-0.126860705807895,-0.0510486324216267,-0.123985847497511,-0.248322255332473,-0.113142333847939,-0.283878821301745,-1.03791191408986,-1.64152939592508,-1.09737579578187,-1.37933033431307,-0.0387119140898642,-0.268529395925083,0.0168242042181278,-0.161130334313072,2.94849949342397,-0.988059771244843,2.45951014817618,1.48061815068432,1.11337111065095,0.23048397546297,1.06775951751075,2.3194270215017,0.853910459011036,-0.136779017310051,1.2882408824647,1.53697055171635,3.67599481780843,1.71372375957492,0.329425557490799,0.435245249359246,0.86432388886193,1.29332050251304,0.906983055193168,1,-9036.07081656457
0,-0.0468816880192271,-0.12774407638564,-0.0744048896513407,-0.046285948321108,-0.0679197271265232,-0.112869519333362,-0.106535521482021,-0.0364024489224538,-0.122149882371405,-0.0401716412000245,-0.203791455103848,-0.186284872169195,-0.0996746201950509,-0.222605136332011,-1.0151799619585,-1.84084838759448,-0.768752568438266,-1.41847126212412,-0.0159799619584995,-0.467848387594478,0.345447431561735,-0.200271262124117,3.00153967692664,-0.749420252078476,2.57445755695519,1.48249706408191,0.861011935478884,0.32046768364021,0.913671180920699,2.71159481997573,0.757156291236465,-0.272215538771241,1.53858558528405,1.70613396676765,3.74419609475202,1.76649118721323,0.701166844424885,0.446158328308207,0.603804085599429,1.72098888926087,0.994762155486573,1,-9032.02830767661
0,-0.0359235853908267,-0.111402954986916,-0.0740444135234032,-0.0458244186591933,-0.0671569327361148,-0.0983544807374228,-0.108903676117598,-0.0348823379844895,-0.121748921061151,-0.0382343734872342,-0.174445853221069,-0.183279939833625,-0.0961007145813313,-0.214210675547605,-1.010992737327,-1.87247477396576,-0.714013627984315,-1.42414104396318,-0.0117927373269978,-0.499474773965759,0.400186372015686,-0.205941043963178,3.00975429688802,-0.706163778368591,2.59339637775513,1.48279047555833,0.821170929146231,0.331950150384275,0.889062578281693,2.77707577050639,0.738843890522479,-0.296950453495558,1.58119831602639,1.73663340995639,3.75591249448691,1.77626601406313,0.760750235430515,0.455327558027671,0.558523991412056,1.78966970922006,1.00547065954143,1,-9025.20174113785
0,-0.0548687760916343,-0.120933429025804,-0.0852084508357407,-0.0471497115761672,-0.0816522963660038,-0.101311726273638,-0.119738392787261,-0.0394184879961658,-0.133294598194051,-0.0337096441819858,-0.189790420405876,-0.185342197536407,-0.0962207773538591,-0.227402546660485,-0.903041454133669,-1.9199760672384,-0.665395965207865,-1.40321560491541,0.0961585458663303,-0.546976067238397,0.448804034792139,-0.18501560491541,2.88541026517418,-0.109512344058123,2.60910676039737,1.50794797989827,0.898013667587447,-0.216083621149748,0.894277634687227,3.16629934336024,0.583195212211057,-0.476864659795828,1.7110313480066,2.20129521846747,3.83886338109558,1.96000020658779,0.555879438107217,0.4281483362213,0.0211950617683542,1.99697063609819,0.872525731316264,1,-9013.1316343564
0,-0.0480426382810403,-0.12371044156879,-0.0888126152641197,-0.0464498783388801,-0.0864979506969239,-0.102995478619361,-0.12031767748316,-0.0419154199140655,-0.13641388983388,-0.036089607085256,-0.193335827537558,-0.190176795253852,-0.097152269928327,-0.233326741248823,-0.873261306833783,-1.91983939754836,-0.714610919285954,-1.38861188341992,0.125938693166216,-0.546839397548362,0.399589080714051,-0.170411883419925,2.87263383341447,0.0138978006587299,2.63648665615475,1.50976953545649,0.910926769037202,-0.388708719944693,0.881501460425334,3.27970877992569,0.579241383583978,-0.500841179139733,1.72512267839591,2.33587747888851,3.86667309997522,2.0412736922116,0.688377139358735,0.415241227211137,-0.151064568461931,1.91902765499214,0.895190913703096,1,-9007.67723070196
0,-0.0409118582240634,-0.117912006680355,-0.0915361436579962,-0.0453074703566679,-0.0968204526525477,-0.0930148272341753,-0.118083284807916,-0.036513989357073,-0.137248104543882,-0.0459114526133991,-0.173801496995958,-0.187042358657173,-0.0963470674405558,-0.220312126460942,-0.773394571140491,-2.06449027674913,-0.735882763634919,-1.42427804067674,0.225805428859507,-0.691490276749132,0.37831723636509,-0.206078040676749,2.84499364576792,0.0805505137853318,2.71408659109472,1.48419421156952,0.793916077483028,-0.476633277420274,0.768235368228535,3.36804984966734,0.591195942583226,-0.508980482468945,1.33819040507169,3.08991846968714,3.94175399754571,2.50141528510251,0.711897556178707,0.414301795217096,-0.806764738595465,1.55161151101117,1.15433362951013,1,-9000.95904989998
0,-0.0339991834248054,-0.117151676962129,-0.0947384797987687,-0.045769606313296,-0.0992814407842301,-0.0923006130551048,-0.123205659749434,-0.0381671371350833,-0.141624736667082,-0.0462126545263471,-0.17075823956729,-0.194148801054597,-0.0973184585637814,-0.229317278579487,-0.755267615744048,-2.08427036819181,-0.767946493041427,-1.45226607425208,0.24393238425595,-0.71127036819182,0.346253506958583,-0.234066074252087,2.87229076939168,0.0647498165444439,2.72809881546262,1.46447320366782,0.746838862416589,-0.492896309585897,0.726235110285299,3.38401989341558,0.622524228908696,-0.483104640153329,1.21137286914753,3.18802348671978,3.95265172179164,2.64314394192955,0.746498497232886,0.408183933975695,-0.910331511956336,1.55624632081721,1.0464193130467,1,-8994.63251081785
0,-0.0363670302304282,-0.109910613641255,-0.0934805994209623,-0.0432270200640787,-0.0925002190022393,-0.0864286892735784,-0.114175138253305,-0.0379424242731133,-0.140953894375766,-0.0464778542669246,-0.15668337425675,-0.190385929703743,-0.0936770942141669,-0.217266456380613,-0.700994651802162,-1.93555255588392,-0.736412527610662,-1.61089929705849,0.298205348197834,-0.562552555883927,0.377787472389352,-0.392699297058497,3.19460743725951,0.248278230854568,2.69906772435421,1.31487974619174,0.573240006856706,-0.644890758465271,0.59663297858731,3.34672159306725,0.523642865843424,-0.463450219473735,0.892738405324487,3.06487515095332,3.92350451887999,3.23898508699658,0.740156999399758,0.418056262809831,-0.852041594328303,1.54622311083768,1.09471370582474,1,-8976.40512635371
0,-0.03757945649091,-0.0929571272606279,-0.0832119386496691,-0.0383239435150337,-0.090282173517792,-0.0738494179736732,-0.118678050267006,-0.0385646238412454,-0.117250634974684,-0.0428824654572753,-0.128056113736871,-0.18286155714446,-0.0852306964451808,-0.197751700265808,-0.666270443770221,-2.13341414592065,-0.730159635208986,-1.44606918958308,0.332929556229772,-0.760414145920666,0.384040364791034,-0.227869189583084,3.248174984867,0.566238165178858,2.80765757445544,1.03191910366574,0.32181086921256,-0.956597800387905,0.652873235961496,2.94799171966078,0.545801567541025,-0.357857120759231,0.622422792624886,2.87478647170716,3.79320013789157,3.6033487851082,0.794142176537188,0.44777380119943,-0.471945749505003,1.66460887677429,1.19701467793781,1,-8961.28454942939
0,-0.0424360430168518,-0.0934693112936059,-0.0827833776979681,-0.038539296663731,-0.0845104204445411,-0.078916311224817,-0.116042234742215,-0.0375232139474621,-0.115390421504619,-0.0466359111693803,-0.12691478161676,-0.199606775511919,-0.0892431707907895,-0.210545587116048,-0.685288045789119,-2.13886944274939,-0.6385313508816,-1.50715877413226,0.313911954210873,-0.765869442749411,0.475668649118425,-0.288958774132264,3.26119169802089,0.758158073705392,2.99662456467737,0.705310980110064,0.30333885922998,-1.05688942458707,0.4028166611904,2.65419203860437,0.650430665261146,-0.302684365014744,0.708396017181885,2.83194451759661,3.60100219811799,3.304422777127,0.773522733756814,0.459791423103216,-0.228961390123505,1.52849228125217,1.08092358492539,1,-8949.04686048645
0,-0.0424102712457518,-0.086372066204033,-0.0822140332366254,-0.0370505292006785,-0.0815499994560618,-0.0746835618477093,-0.114015336937731,-0.0383849186543108,-0.1136965402922,-0.0443225076162235,-0.116331929562207,-0.196802360918869,-0.0863736691268231,-0.200637757619138,-0.692960334541377,-2.10073410667587,-0.680506690130715,-1.51928877636841,0.306239665458615,-0.727734106675887,0.43369330986931,-0.301088776368413,3.28890615475329,0.757552386925745,3.1032022244047,0.542501243032963,0.313759738571131,-1.09825907705654,0.284108999226917,2.53550410178183,0.698926226142259,-0.308824872846308,0.748437775396077,2.79612652320737,3.49800398687613,3.10673494525362,0.743668879250332,0.470766917888933,-0.190995034717213,1.61034949705764,1.12909535214782,1,-8941.84691177311
0,-0.0494773555962463,-0.0873637429810351,-0.0847469123427185,-0.0381222274022512,-0.0881289456740781,-0.0789722758130011,-0.115658672073928,-0.0398609786476215,-0.111415600906929,-0.046567551856193,-0.118133125604105,-0.204877219051547,-0.0906676133654618,-0.2124050800533,-0.678810954879695,-2.09423959875569,-0.704758534909614,-1.38673478526232,0.320389045120295,-0.721239598755711,0.409441465090414,-0.168534785262329,3.29685799403909,0.656504104612738,3.28830413332462,0.25251412300407,0.312302407205547,-1.02146263952244,0.231561081413092,2.47943188794023,0.568787242044844,-0.453888808389293,0.83692662534519,2.38490972505579,3.32093323686792,2.83164266752516,0.623744290553623,0.481571611194321,-0.411544010292839,1.52630164266161,1.06774109604436,1,-8935.43251648928
0,-0.0491142648937041,-0.0842770418705259,-0.0856773699070739,-0.0377347733554485,-0.0892504712833078,-0.0792338971184083,-0.114995095148149,-0.040089271531542,-0.111362057479811,-0.0457462888049632,-0.115016066439561,-0.202668410590697,-0.0895110555041597,-0.210652374030788,-0.641223176424656,-2.02130298666788,-0.639802456782111,-1.32936560899348,0.357976823575333,-0.648302986667897,0.474397543217917,-0.111165608993485,3.22214279982594,0.644326815412088,3.27984269346933,0.12199142741165,0.459954213506523,-0.944329272194298,0.297391697537219,2.48998932755012,0.572778568663469,-0.281556870224823,0.829139660935609,2.25319485613155,3.26158788742331,2.7431155645792,0.635804725851075,0.487129248801609,-0.510998161781822,1.56067155514151,1.07480314474762,1,-8932.65615140782
0,-0.0319900521113713,-0.0757258996413643,-0.0834540503369008,-0.0350623464310458,-0.0800994057888013,-0.068711216236666,-0.107860211582104,-0.0409063856013379,-0.110546488265459,-0.0434588011096478,-0.099229933913014,-0.197132415523713,-0.0859057446478299,-0.21118502483744,-0.0105321933378477,-1.88202790780369,-0.51169979167916,-1.37010256365081,0.98866780666214,-0.509027907803713,0.602500208320869,-0.151902563650817,2.88491331307371,0.491577272885006,2.82488474596822,-0.239111169663445,0.936458779122993,-0.663477064564301,0.711612690381001,2.76978903458188,0.930551750661521,-0.508656123968577,0.645716331705095,1.9057706725406,3.05122474001031,2.21942371045244,0.725609283966363,0.493082522715313,-0.364733932978049,1.64946112786739,1.11569447503018,1,-8929.59053313467
0,-0.0278992083580378,-0.0749328546198226,-0.0832328983632335,-0.0346629167054435,-0.0794132655561687,-0.0660439457610546,-0.109428063952785,-0.0415234294341025,-0.109308887969519,-0.0432042803297553,-0.0962993663681672,-0.200038034585559,-0.0860275235162746,-0.215901237954561,0.175145035557278,-1.86881802127475,-0.538270315299028,-1.38843636590294,1.17434503555727,-0.495818021274768,0.575929684701,-0.170236365902957,2.94372883630151,0.440196923262456,2.70257229966538,-0.343733697799919,0.89085314242415,-0.638667238561628,0.815591334431704,2.80039250293787,0.838922309159617,-0.39604771035225,0.689546374784601,1.91168196666338,2.99134496697591,2.0567173607863,0.719085150218052,0.493880052029788,-0.315484389167286,1.65457810159138,1.10032166478018,1,-8926.9969278393
0,-0.0207742172991082,-0.0735914762281306,-0.085253046223833,-0.0354237933779439,-0.0773439039790932,-0.0658192486700269,-0.112008982326327,-0.0434403405947275,-0.111916183991875,-0.0408987498097313,-0.0950223028743791,-0.19947714056978,-0.0866086760323995,-0.207458238002319,0.309535621861392,-1.91275173572854,-0.608743558447186,-1.58293956387741,1.30873562186138,-0.539751735728556,0.50545644155284,-0.364739563877432,3.00806378482277,0.521206378028725,2.66743995669773,-0.927106882084783,0.782584479449115,-0.790149936476075,0.656220479424887,2.2893202594608,0.834349253918045,-0.318413674427322,0.859252534909878,1.84552742952973,2.86987995851564,2.19059051211919,0.737664142412817,0.511601227908346,-0.527272343182273,1.73380825449509,1.10563791100394,1,-8923.81800806354
0,-0.0192524582154667,-0.0737298810763189,-0.0854943122504469,-0.0354517617259971,-0.0763430053846354,-0.0687444952643819,-0.110932646172756,-0.043928716461906,-0.111297420330965,-0.0408054589110463,-0.0971680300731615,-0.200644197351942,-0.0871760088907255,-0.209059044376805,0.283772519828482,-1.89589316341861,-0.637169389898252,-1.56466887986429,1.28297251982847,-0.522893163418624,0.477030610101773,-0.346468879864315,3.05217219969271,0.53031568304545,2.78012147613452,-1.22145706226912,0.755334636889115,-0.827685072943873,0.561809644001208,2.26249474258963,0.824537153706666,-0.30943419139971,0.875011287169785,1.90870721025573,2.8299549933042,2.28453823819179,0.700880472809807,0.509155705828101,-0.485454838821555,1.7435262133933,1.09876685554629,1,-8921.63313788453
0,-0.0157036159866733,-0.0731491257720104,-0.0853386461542306,-0.0353878885629455,-0.0739087136595577,-0.0696229057840485,-0.110557453360371,-0.0439399979753155,-0.112184047465961,-0.0404967849597137,-0.097563053790452,-0.199755563524799,-0.0872981270988484,-0.205093505853792,0.346295556349933,-1.9100242592077,-0.632243638601552,-1.58826451160314,1.34549555634992,-0.537024259207712,0.481956361398472,-0.370064511603163,3.09839439226544,0.673693449119545,2.93668877959688,-1.62551225860702,0.694981348527315,-0.966137087721268,0.381646708800011,2.26717648591894,0.618373205531819,-0.267682054005616,0.419758551716961,1.91809137029772,2.80294410573008,2.1494365877957,0.759555618864854,0.513631092341122,-0.512525651763335,1.76355165991976,1.10775445351684,1,-8920.76703871021
0,-0.0195334794624225,-0.076939911868433,-0.0879766044496731,-0.0366395124831139,-0.0790463407950683,-0.0734267173331553,-0.11462902388819,-0.0443572917546626,-0.112003782238094,-0.0413866654838227,-0.104473950370232,-0.205219241974678,-0.090393860467948,-0.211439085032867,0.580218530705787,-1.80528128642832,-0.554323578845716,-1.44763213808555,1.57941853070577,-0.432281286428341,0.559876421154308,-0.229432138085577,3.40891847101373,0.827841420144168,3.07726667645761,-2.07863728988045,0.489200242558414,-1.04236499899005,0.381701185456869,2.20756043515228,0.778195253013136,-0.245807741026528,0.144112968948962,2.0184847755426,2.62884603741457,2.09089184114271,0.766135482924537,0.508508519462143,-0.660625836474138,1.75784036446011,1.06802925231866,1,-8920.2544963295
0,-0.0249567417250447,-0.0792282815798778,-0.0880843877329893,-0.0367586091899109,-0.0778181292207999,-0.07102181948306,-0.112952173289166,-0.0441029364270233,-0.111546892721801,-0.0414797241496219,-0.105995033495671,-0.205844928887786,-0.0912435771474766,-0.209270531059589,0.970250125544789,-1.80870439051382,-0.584188246949723,-1.4063923739263,1.96945012554477,-0.435704390513836,0.5300117530503,-0.188192373926326,3.34931764347189,0.762964127896817,3.25742411721108,-2.44230940531292,0.545377966014771,-1.0073523748467,0.242783508862653,2.23380632956792,0.705208377113486,-0.153701931622159,0.227464382373463,2.09248117638712,2.33212197249987,2.31446529982,0.755977498745401,0.504605762323608,-0.654018948089779,1.77088668727494,1.05847918528528,1,-8918.64752676013
0,-0.0243341708439632,-0.077876296309217,-0.0872912641398015,-0.0364226737130933,-0.0774004485014991,-0.0739141016168258,-0.111833391021975,-0.0435533082467742,-0.109657981752633,-0.0418105206928963,-0.106284528943617,-0.204414749217023,-0.0906959692780382,-0.208188813704668,0.984257667453276,-1.87099063349422,-0.647116894375899,-1.48684815927357,1.98345766745326,-0.49799063349424,0.467083105624123,-0.268648159273594,3.23826985588709,0.639835104472363,2.97967676755061,-2.99752867495255,0.594139510619185,-0.947151998848417,0.440075073175861,2.33963936449263,0.602276194743042,-0.166244052336303,0.395720610917158,2.19155940912327,2.09875952057002,2.42503155023445,0.792918265929482,0.501748075875784,-0.645445954742152,1.78405205094404,1.06019721228691,1,-8917.11001030734
0,-0.0263875032251261,-0.0747143119522795,-0.0840690581291114,-0.0354429752249333,-0.0735239691571734,-0.0725210316748634,-0.105805540784349,-0.0431179553460751,-0.102672651907033,-0.0392452024307856,-0.10199793896759,-0.197383169239368,-0.0872360096212875,-0.202206472966394,1.14262086394978,-1.87787160717226,-0.663717669635076,-1.48760564550467,2.14182086394977,-0.504871607172278,0.450482330364945,-0.269405645504705,3.08689773628166,0.558392798924134,2.90262977191122,-3.44557696796162,0.738630656546545,-0.882310468559374,0.516364582584138,2.21594133410385,0.611838090685843,-0.223913131662807,0.497465197111024,1.99635694961364,2.27296688813926,2.27431412335571,0.808501204837601,0.518617925413431,-0.573455868326913,1.85187418976557,1.11215142668416,1,-8915.68990804855
0,-0.0213028630042679,-0.0728289199845548,-0.0823163586471073,-0.0347946137437149,-0.0711652174009165,-0.0701966640995636,-0.102973864924699,-0.0422040067786383,-0.101411470462098,-0.038239230082313,-0.098741865133713,-0.190296170169689,-0.0849197852168934,-0.195466355631955,1.46237864836665,-1.87943983783383,-0.644807106298736,-1.52551291564811,2.46157864836664,-0.506439837833846,0.469392893701285,-0.307312915648153,3.0305286115829,0.580218166464154,2.82236014154027,-4.05211121878027,0.7934315505837,-0.88522527276307,0.558726942811642,2.17724453844372,0.587712739126198,-0.249337236886594,0.331227636573862,1.92249660524267,1.6326337161775,2.21045621150015,0.911182922235056,0.533463922817034,-0.624139413470542,1.91773421832386,1.14505590605545,1,-8914.87214392963
0,-0.0250075244183522,-0.0727988900988706,-0.0807664590909165,-0.0345625012013115,-0.07008636070586,-0.0690903870760211,-0.0997113363555032,-0.0405409830790598,-0.0989679814708209,-0.0378662117423438,-0.0986391342284688,-0.18449392513627,-0.0838350284679782,-0.188479420688436,1.91118954737258,-1.85547885959201,-0.628046300440492,-1.52874244542088,2.91038954737257,-0.482478859592026,0.486153699559532,-0.310542445420933,3.01750959009087,0.577015483219056,2.75857141996042,-4.88726449618685,0.83041155031752,-0.865261783659739,0.619286134618719,2.04685033424086,0.559431727529323,-0.245198106424706,0.272334415187084,1.81955045580453,1.67374792976957,2.08151176002645,0.992280226575346,0.556638819604714,-0.70354790840813,1.98661340565595,1.17146876372492,1,-8913.80653843417
0,-0.0265361179916941,-0.0706662139923138,-0.0785505518277265,-0.0337155308706244,-0.067467140908932,-0.0662966886338499,-0.0962124588783573,-0.0392588435524794,-0.0926177828212498,-0.0345753907571172,-0.0949700253289132,-0.17761972907979,-0.0799238764703612,-0.180052072428819,2.51516117796891,-1.84301698620916,-0.620130278671523,-1.49893148348618,3.5143611779689,-0.470016986209182,0.494069721328505,-0.280731483486258,2.97999257637506,0.536005700753003,2.71220965941264,-6.01697064401696,0.88039043741614,-0.816335979424717,0.695458857101201,1.91277642514867,0.523318877891223,-0.191885058913901,0.250451733259215,1.7606896969517,1.45450727834351,1.96773993494514,1.11353158503296,0.587783827519062,-0.764729716194538,2.09436849564788,1.20484153492318,1,-8913.03956790354
0,-0.0234056044548206,-0.0694214291320228,-0.0768327184073011,-0.0328595624818226,-0.064783139290726,-0.0647957653514658,-0.093834691260409,-0.0381084444645162,-0.0899530627452121,-0.0347943450326981,-0.0931557598831026,-0.172528383302547,-0.0778283174184226,-0.175895889842912,2.96461339426318,-1.8556971400621,-0.63420946761496,-1.53012259823428,3.96381339426317,-0.482697140062131,0.479990532385074,-0.311922598234359,2.88037849214238,0.466344674904878,2.57897926904186,-6.89422584985617,0.967324367795854,-0.760754142520034,0.797498132723879,1.88312016225689,0.497382346149937,-0.188419423992693,0.279133532588387,1.72068490222214,1.45259690704195,1.93624821228142,1.23401750665502,0.608991968757945,-0.779996541263068,2.15512522797058,1.23640413549547,1,-8912.65082648942
0,-0.0226658092514691,-0.0687515768255895,-0.0763756992061139,-0.0326666478619102,-0.0642356424571514,-0.0642350623418039,-0.0931982638957955,-0.0378236488463436,-0.0893335900203356,-0.0348010625700198,-0.0920282954254829,-0.171077835572003,-0.0772460942236855,-0.174266876318001,3.04437824363394,-1.85335965737328,-0.631222668603505,-1.52924333228604,4.04357824363393,-0.480359657373317,0.48297733139653,-0.311043332286126,2.87627714090881,0.465255333433247,2.58231029176919,-7.06427888024633,0.973763201718231,-0.75667800203695,0.795046375944785,1.86433662659154,0.490874603714049,-0.194363625163755,0.281074351482938,1.69741053634643,1.41547318811431,1.91303167202278,1.25113719745657,0.614862786745867,-0.792334886827804,2.16913376333042,1.24410059686587,1,-8912.51353217786
0,-0.019706622462668,-0.0652737292527521,-0.0736565732682217,-0.0314953895989156,-0.0609118259998696,-0.061521927400353,-0.0887376944943187,-0.0364520970557187,-0.085409207873112,-0.0326682896980976,-0.0867370164254879,-0.162665817683797,-0.0737357481468296,-0.162725442115636,3.56116271446309,-1.8337819306587,-0.616875106560251,-1.54043794636233,4.56036271446308,-0.460781930658739,0.49732489343979,-0.322237946362432,2.8579329310291,0.458976043610051,2.55903102625997,-8.16414658096343,1.01168513831249,-0.736051150170505,0.807131027377721,1.74472235658548,0.439211819768743,-0.18896820088802,0.166192387933958,1.57071773518563,1.15533974856284,1.78460595553314,1.39245058163364,0.648537201576458,-0.874845594413206,2.25125029757503,1.2993746185712,1,-8912.48993580226
0,-0.0212738143219078,-0.0667463475245897,-0.0745294025442576,-0.0319602282023938,-0.0625339708819298,-0.0627630381250441,-0.0903808575320221,-0.0370239318259167,-0.087279424147714,-0.0330157584532013,-0.0892334608024793,-0.165578716838042,-0.0749554160506907,-0.166911395708827,3.48424635962372,-1.84336232750433,-0.623752137050216,-1.53009717088318,4.48344635962371,-0.47036232750437,0.490447862949828,-0.311897170883272,2.85838363774926,0.456103313261985,2.58258930362257,-7.98371714085181,1.0016540347467,-0.740055450312394,0.793913525494277,1.78160757489833,0.463989573808811,-0.186002622675609,0.243179980002214,1.61291042084729,1.29101012338965,1.81210222987096,1.37021987783859,0.642235888810755,-0.876632259458867,2.22746295391443,1.28926945208606,1,-8912.32852902346
0,-0.022727415910794,-0.0661443551250618,-0.0742517324065734,-0.0319172971400798,-0.0617861843569082,-0.0620295771770044,-0.0901885927255073,-0.0366137795539896,-0.0854264149583806,-0.033983865800268,-0.08810679985078,-0.164493480124353,-0.0744855045668674,-0.166770640097992,3.56308431772113,-1.85061552214224,-0.62583216273389,-1.53762166341522,4.56228431772113,-0.477615522142284,0.488367837266152,-0.319421663415316,2.8370351989841,0.444907682217578,2.53130880946282,-8.14188547026446,1.01574927887394,-0.73093984495167,0.837669527121977,1.75904085310371,0.453866812483643,-0.178449686488799,0.258666081916966,1.60974583294203,1.20988050258056,1.810655227141,1.39595825273478,0.644630312735195,-0.872598925054167,2.23450163453474,1.29051055897341,1,-8912.30915639361
0,-0.0216488842622635,-0.0661290331833403,-0.0741494521361272,-0.0317867566906265,-0.0614851577901755,-0.0619740671756237,-0.0896972289128453,-0.0366653696390753,-0.0855675494474424,-0.0334475464427096,-0.0879924807207049,-0.164398908359747,-0.0743466744719208,-0.166085508822316,3.61712890287318,-1.84201102523969,-0.624456235347238,-1.53523117392072,4.61632890287317,-0.469011025239731,0.489743764652804,-0.317031173920821,2.85339747623613,0.453205708828544,2.54879702410883,-8.24208286983584,1.00799149852447,-0.737861944175988,0.822571801970457,1.77025214139834,0.450697069918602,-0.185273382070301,0.204892420084945,1.61059534792687,1.24686862747878,1.82598011348402,1.41187262932933,0.645059931779572,-0.869873872086363,2.237309120693,1.29351609707782,1,-8912.24463284627
0,-0.0207813368174681,-0.0663898620420943,-0.0737792664820395,-0.0315923818547316,-0.0614375059624792,-0.0623498004220533,-0.088920988101868,-0.0365125115754588,-0.085800672888177,-0.0326181186044616,-0.0887003789169522,-0.163085503127769,-0.0739574512523794,-0.163466184961464,3.70497386816186,-1.84300750399214,-0.624472058522092,-1.54109685471184,4.70417386816185,-0.470007503992181,0.489727941477952,-0.322896854711941,2.82636184849032,0.440212530569502,2.53643410065763,-8.42976541066115,1.03403064751781,-0.724884589091796,0.829069044630539,1.750869428038,0.44320576698784,-0.181309828497442,0.225490612625867,1.58161288188608,1.18859153851937,1.77793338970158,1.44271100324626,0.651093119072255,-0.89460670512241,2.24725405973349,1.30149498792581,1,-8912.23658241381
0,-0.0215410373617709,-0.0659170254159831,-0.0739484726500053,-0.0317367658939349,-0.0615005903345333,-0.0619264171377775,-0.0894705658988016,-0.0365786305429727,-0.0856287869120979,-0.0331584069368783,-0.0877862584386872,-0.163584692364105,-0.0741528073467793,-0.1650529885011,3.710860034119,-1.84489871414024,-0.624274317270762,-1.54013285403456,4.71006003411899,-0.471898714140283,0.489925682729282,-0.321932854034661,2.83874947149367,0.446301806059617,2.53721933479365,-8.44182548416109,1.01975181436635,-0.730776123330583,0.829247811171796,1.75461853645701,0.444405633708531,-0.177529877325313,0.221414500910059,1.59424227568665,1.18720212756618,1.79686711441093,1.44841323424982,0.649402028067926,-0.888044872122242,2.24347372384836,1.29888896526382,1,-8912.18604042352
0,-0.0218090384782522,-0.06599322816404,-0.0739133427343976,-0.0316925917457886,-0.0612646116361277,-0.0618832355197997,-0.089277942279327,-0.036505664144294,-0.0850754738412647,-0.0333275840556479,-0.0879444278017962,-0.163425611887607,-0.0739586559535616,-0.164828003125216,3.77149248437041,-1.84705060992915,-0.627405509953031,-1.54149890084665,4.7706924843704,-0.474050609929187,0.486794490047013,-0.323298900846747,2.83155459535943,0.44111819676568,2.52842800201163,-8.5623686975694,1.02479479471168,-0.728723706718923,0.836673097141739,1.75276188690185,0.43989669536727,-0.179984582751605,0.217051227280101,1.59481355010306,1.18962666998339,1.80101553988693,1.47117346502901,0.649712247204131,-0.884081861660499,2.24480443064911,1.29861274255992,1,-8912.1629974867
0,-0.0218595778833692,-0.0660679351652441,-0.0740367403670443,-0.0316862621246901,-0.0611588882587183,-0.0618980988952357,-0.0892157444716274,-0.0365102551826294,-0.0850111815658279,-0.0333886704229836,-0.0879775895901112,-0.163676445607551,-0.0740206065881044,-0.165101212912797,3.91025583262943,-1.84783285526242,-0.629461650312219,-1.54982736354206,4.90945583262942,-0.474832855262461,0.484738349687825,-0.331627363542161,2.82763552145698,0.442581817486248,2.50312892807562,-8.83690377363965,1.02793162328084,-0.732243467798699,0.853643708382352,1.76210112969835,0.431645475753672,-0.177360968065952,0.204055846059871,1.602143726576,1.13389056001355,1.81651745691356,1.53468911507849,0.6487813309574,-0.880000715980572,2.24237636070274,1.297365841323,1,-8912.11672795044
0,-0.0222653027123669,-0.0659883498811376,-0.0743550081214773,-0.0318083581858776,-0.06122415899505,-0.0619901391291827,-0.0894141516012014,-0.0366032666862571,-0.085234660329201,-0.033725721895114,-0.087679634001111,-0.164022598759132,-0.0744708722211582,-0.16584485350494,4.2236198939061,-1.85632957261627,-0.635531795484633,-1.55995269435583,5.22281989390609,-0.483329572616305,0.47866820451541,-0.341752694355934,2.80827162416103,0.435361298636734,2.4880318603347,-9.48040461030388,1.03879880322291,-0.731093094121646,0.858615445309527,1.77060916203619,0.407397478596286,-0.160830324726693,0.17645516728626,1.60542003620898,1.03034222111115,1.8228189855522,1.68437912523907,0.646254543249663,-0.869938395173229,2.2303848240603,1.29265617890472,1,-8912.04688180017
0,-0.0226165612927905,-0.0666356725183577,-0.0749356527745888,-0.0319862845520017,-0.0617259859341498,-0.0626491644995901,-0.0898101197531713,-0.0370040947584002,-0.0857509905985941,-0.0337244234297694,-0.0890057390379803,-0.165254825656408,-0.0747873686399372,-0.166649627447613,4.35380764837764,-1.86175202297173,-0.645738639480292,-1.57906696349928,5.35300764837763,-0.488752022971769,0.46846136051975,-0.360866963499375,2.81261619364878,0.426898976864945,2.46168161835168,-9.76562857583813,1.02903178337965,-0.732837616345562,0.865851418149132,1.78443252859373,0.393941925005127,-0.160451494681327,0.203128436075341,1.61608146917247,1.04557733268948,1.83434222199377,1.77350444934481,0.639790270983757,-0.85763326527718,2.20924818730734,1.28071959606091,1,-8912.04424385481
0,-0.0220252519616731,-0.0668816432917463,-0.0750730757686114,-0.0319957515328816,-0.0620395600530432,-0.0627556623426555,-0.0900631802955446,-0.03704338599046,-0.0863467018052212,-0.0336349944480591,-0.0894528218291643,-0.16583547344887,-0.0749174339295592,-0.166952427881342,4.28763209503558,-1.86350376976043,-0.639186637602268,-1.57012651350674,5.28683209503557,-0.490503769760462,0.475013362397774,-0.351926513506836,2.81208908458299,0.450874578477101,2.48487324503155,-9.62179586496962,1.02780714565677,-0.750261216079692,0.851600241461796,1.79965279812803,0.401945977876655,-0.17322880790849,0.176098462412987,1.62417428214566,0.969797092519024,1.84094859733849,1.74888966937019,0.638116178134785,-0.862819585364118,2.21014794841254,1.28111960030013,1,-8912.01478346726
0,-0.021969509465969,-0.0668224154938034,-0.0750255174596924,-0.0319840704337413,-0.061980543628932,-0.0627239634291174,-0.0900076775088802,-0.0370118275722872,-0.0863475419187485,-0.0336261409847753,-0.0892973233306617,-0.165708379696024,-0.0749462978242108,-0.166834060602374,4.27920802416253,-1.86209835875895,-0.639683213994636,-1.56961261974137,5.27840802416252,-0.489098358758981,0.474516786005406,-0.351412619741461,2.81171703474093,0.446038404685427,2.48456507943297,-9.60260882871032,1.0295846065003,-0.745921618680382,0.852422300825748,1.79839048144189,0.402762445655571,-0.171198529577493,0.178386336439063,1.62228026093031,0.977980524095946,1.83909411482338,1.74233153521142,0.638487522143676,-0.862808031741405,2.21158191738219,1.28209691253491,1,-8912.00172669033
0,-0.0219675952032802,-0.0667583803260781,-0.0749948170705356,-0.0319770071145919,-0.0619416320603534,-0.0627015632030259,-0.0899727605890021,-0.0369958431335446,-0.0863113090306136,-0.0336263505539295,-0.0891535903528464,-0.165604646900484,-0.0749493832171644,-0.166781210695909,4.2754024121483,-1.86169738131779,-0.639461262449215,-1.56995572505504,5.27460241214829,-0.488697381317828,0.474738737550827,-0.351755725055135,2.8106553368599,0.444571879818258,2.48309774691559,-9.59572013561703,1.03104728182249,-0.744233142267794,0.853546528029456,1.79674385090088,0.40190461651725,-0.168218023967952,0.179721378197502,1.6207326690263,0.990443278319301,1.83819213162088,1.73993840700041,0.638687757166139,-0.862658100639811,2.21215777931182,1.28250325933234,1,-8911.99537991385
0,-0.0221305702277781,-0.0667528389996893,-0.0749545560212443,-0.031988844434049,-0.0618597457366389,-0.0627322971855413,-0.0899340760526871,-0.0370056015131198,-0.0862213780012614,-0.0336776575702409,-0.0891299524505468,-0.165457241033568,-0.0750077290302926,-0.166766091948808,4.27768379511532,-1.8608151612639,-0.642559756507072,-1.57279318148071,5.27688379511531,-0.48781516126393,0.47164024349297,-0.354593181480807,2.8126451690142,0.433353213908897,2.47809921750654,-9.60313141234522,1.02993966972214,-0.736112970416324,0.855707601012823,1.79441104099165,0.400205026013763,-0.164349503558958,0.187607441395388,1.61933667999112,1.00917043393692,1.83555666189005,1.74007491875405,0.638591138302594,-0.862106324581125,2.21289981551628,1.28251445436878,1,-8911.99119236592
0,-0.0219971096600505,-0.0666603209461905,-0.0749776258797207,-0.0319912318875929,-0.0618882390540287,-0.0626635869253268,-0.0899495455007661,-0.0369955909956298,-0.0862940498437959,-0.0336280725933111,-0.0889289147136924,-0.165566952545583,-0.0750553459234124,-0.166768270347058,4.26031582062517,-1.8602309770168,-0.640856498706903,-1.57057523994883,5.25951582062516,-0.487230977016834,0.473343501293138,-0.35237523994893,2.81131137321286,0.437375489644237,2.48130413695798,-9.56505572708721,1.03185764977058,-0.738431988351487,0.85472062309327,1.79514967052096,0.402833111313396,-0.164310253347368,0.187205118749403,1.6196539723082,1.01480421966335,1.83816406119585,1.73231224635567,0.638279845197956,-0.861767996020835,2.21334500126573,1.28291686840255,1,-8911.98884972888
0,-0.0220133111276661,-0.0667569739198003,-0.0749744675351603,-0.0319858372068687,-0.0619145988437404,-0.0627374415206001,-0.0899643506211049,-0.0370058500003083,-0.0863074770221444,-0.0336599383051484,-0.0891088757088948,-0.165542627081079,-0.075010897963113,-0.166796994766269,4.26341938921101,-1.86100889542031,-0.640822786902316,-1.57126497166378,5.262619389211,-0.488008895420344,0.473377213097726,-0.353064971663877,2.81128613653092,0.438430802096071,2.48047044836766,-9.57231208081087,1.03110496804902,-0.739453588998741,0.854864579968647,1.79676823944686,0.400608071022799,-0.164417454764178,0.18423541349677,1.62002415291177,1.00771059457992,1.83744478691538,1.73454332527095,0.638334282113064,-0.863135614382176,2.21336722300269,1.28258766427615,1,-8911.98874178187
0,-0.999999499577689,-0.999993612796262,-0.99996137388054,-1.00001664872958,-0.999966705533359,-0.999995566724765,-1.00002425108075,-0.999962439421649,-1.00001859441459,-0.999988599001889,-0.999986936365052,-1.0000052539493,-1.00002930883793,-1.00000761593427,0.999996310764977,-0.999932671171552,-1.00001558271134,-0.999966315837113,0.999995446134197,-0.999982344486756,0.999988489016591,-0.999992431131458,1.0000797835624,0.99999051784869,1.00004086109493,-1.00000828631108,1.00000804151909,-1.00000198857524,1.00000424396253,0.999960392054746,1.00000125824964,-1.00000452287636,1.00000638474995,0.999998374948786,1.00000364247007,1.0000021047298,1.0000297586653,0.999905786212492,-1.00000118676415,1.00000019270424,1.00000256131599,1,-8911.98866899366
